ID,Tên Dự Án,Trạng Thái,Ngày Bắt Đầu,Ngày Kết Thúc,Lý Do
110839,"BHTT_MBF251220941671098F",DA_KY_HOP_DONG,2026-12-03,2027-12-03,"Bát đầu sau Tháng 4 (Ngày: 2026-12-03)"
110840,"BHTT_MBF25122083059234AD",DA_KY_HOP_DONG,2026-12-03,2027-12-03,"Bát đầu sau Tháng 4 (Ngày: 2026-12-03)"
110841,"BHTT_MBF25122062211895B5",DA_KY_HOP_DONG,2026-11-03,2027-11-03,"Bát đầu sau Tháng 4 (Ngày: 2026-11-03)"
110842,"BHTT_MBF251220059202977F",DA_KY_HOP_DONG,2026-11-03,2027-11-03,"Bát đầu sau Tháng 4 (Ngày: 2026-11-03)"
110843,"BHTT_MBF26010565147158A8",DA_KY_HOP_DONG,2026-11-03,2027-11-03,"Bát đầu sau Tháng 4 (Ngày: 2026-11-03)"
110844,"BHTT_MBF2601053328707920",DA_KY_HOP_DONG,2026-11-03,2027-11-03,"Bát đầu sau Tháng 4 (Ngày: 2026-11-03)"
110845,"46/2026/MOBIFONE-MOBIFONE CA/MBF-DANANG",DA_KY_HOP_DONG,2026-11-03,2026-11-04,"Bát đầu sau Tháng 4 (Ngày: 2026-11-03)"
110846,"46/2026/MOBIFONE-MOBIFONE CA/MBF-DANANG",DA_KY_HOP_DONG,2026-11-03,2029-11-03,"Bát đầu sau Tháng 4 (Ngày: 2026-11-03)"
110847,"BHTT_MBF2601053268914084",DA_KY_HOP_DONG,2026-11-03,2027-11-03,"Bát đầu sau Tháng 4 (Ngày: 2026-11-03)"
110848,"BHTT_MBF251220825652117D",DA_KY_HOP_DONG,2026-11-03,2027-11-03,"Bát đầu sau Tháng 4 (Ngày: 2026-11-03)"
110849,"BHTT_MBF2512203305220779",DA_KY_HOP_DONG,2026-10-03,2027-10-03,"Bát đầu sau Tháng 4 (Ngày: 2026-10-03)"
110850,"55/2026/HĐ-MOBIFONE CA/ REWILD- DN",DA_KY_HOP_DONG,2026-10-03,2026-10-04,"Bát đầu sau Tháng 4 (Ngày: 2026-10-03)"
110851,"55/2026/HĐ-MOBIFONE CA/ REWILD- DN",DA_KY_HOP_DONG,2026-10-03,2029-10-03,"Bát đầu sau Tháng 4 (Ngày: 2026-10-03)"
110852,"56/2026/HĐ-MOBIFONE CA/TUONGLAI- DN",DA_KY_HOP_DONG,2026-10-03,2026-10-04,"Bát đầu sau Tháng 4 (Ngày: 2026-10-03)"
110853,"56/2026/HĐ-MOBIFONE CA/TUONGLAI- DN",DA_KY_HOP_DONG,2026-10-03,2029-10-03,"Bát đầu sau Tháng 4 (Ngày: 2026-10-03)"
110854,"BHTT_MBF2512208110319883",DA_KY_HOP_DONG,2026-10-03,2027-10-03,"Bát đầu sau Tháng 4 (Ngày: 2026-10-03)"
110855,"BHTT_MBF260105814265897C",DA_KY_HOP_DONG,2026-10-03,2027-10-03,"Bát đầu sau Tháng 4 (Ngày: 2026-10-03)"
110856,"BHTT_MBF251220028545609A",DA_KY_HOP_DONG,2026-10-03,2027-10-03,"Bát đầu sau Tháng 4 (Ngày: 2026-10-03)"
110857,"BHTT_MBF2601053520001683",DA_KY_HOP_DONG,2026-10-03,2027-10-03,"Bát đầu sau Tháng 4 (Ngày: 2026-10-03)"
110858,"BHTT_MBF251220153437495C",DA_KY_HOP_DONG,2026-10-03,2027-10-03,"Bát đầu sau Tháng 4 (Ngày: 2026-10-03)"
110859,"BHTT_MBF26010564330440A4",DA_KY_HOP_DONG,2026-10-03,2027-10-03,"Bát đầu sau Tháng 4 (Ngày: 2026-10-03)"
110860,"BHTT_MBF251220012971208F",DA_KY_HOP_DONG,2026-10-03,2027-10-03,"Bát đầu sau Tháng 4 (Ngày: 2026-10-03)"
110861,"BHTT_MBF26010556865708C2",DA_KY_HOP_DONG,2026-10-03,2027-10-03,"Bát đầu sau Tháng 4 (Ngày: 2026-10-03)"
110862,"BHTT_MBF260105503830352D",DA_KY_HOP_DONG,2026-10-03,2027-10-03,"Bát đầu sau Tháng 4 (Ngày: 2026-10-03)"
110863,"BHTT_MBF260105744659541E",DA_KY_HOP_DONG,2026-10-03,2027-10-03,"Bát đầu sau Tháng 4 (Ngày: 2026-10-03)"
110864,"BHTT_MBF2601058262335637",DA_KY_HOP_DONG,2026-10-03,2027-10-03,"Bát đầu sau Tháng 4 (Ngày: 2026-10-03)"
110865,"BHTT_MBF251220780999376C",DA_KY_HOP_DONG,2026-10-03,2027-10-03,"Bát đầu sau Tháng 4 (Ngày: 2026-10-03)"
110866,"BHTT_MBF25122037947976C9",DA_KY_HOP_DONG,2026-10-03,2027-10-03,"Bát đầu sau Tháng 4 (Ngày: 2026-10-03)"
110867,"BHTT_MBF251220371319664A",DA_KY_HOP_DONG,2026-10-03,2027-10-03,"Bát đầu sau Tháng 4 (Ngày: 2026-10-03)"
110868,"BHTT_MBF251220171101062B",DA_KY_HOP_DONG,2026-10-03,2027-10-03,"Bát đầu sau Tháng 4 (Ngày: 2026-10-03)"
110869,"BHTT_MBF2601056036171799",DA_KY_HOP_DONG,2026-10-03,2027-10-03,"Bát đầu sau Tháng 4 (Ngày: 2026-10-03)"
110870,"48/2022/HĐ-MOBIFONEINVOICE/MBF-QUANGNAM",DA_KY_HOP_DONG,2026-10-03,2027-10-03,"Bát đầu sau Tháng 4 (Ngày: 2026-10-03)"
110871,"37 /2026/MOBIFONE-MOBIFONE CA/MBF-DANANG",DA_KY_HOP_DONG,2026-10-03,2026-10-04,"Bát đầu sau Tháng 4 (Ngày: 2026-10-03)"
110872,"37 /2026/MOBIFONE-MOBIFONE CA/MBF-DANANG",DA_KY_HOP_DONG,2026-10-03,2027-10-03,"Bát đầu sau Tháng 4 (Ngày: 2026-10-03)"
110873,"BHTT_MBF25122049742810BA",DA_KY_HOP_DONG,2026-10-03,2027-10-03,"Bát đầu sau Tháng 4 (Ngày: 2026-10-03)"
110874,"BHTT_MBF260105525115188E",DA_KY_HOP_DONG,2026-09-03,2027-09-03,"Bát đầu sau Tháng 4 (Ngày: 2026-09-03)"
110875,"BHTT_MBF2512204312935430",DA_KY_HOP_DONG,2026-09-03,2027-09-03,"Bát đầu sau Tháng 4 (Ngày: 2026-09-03)"
110876,"54/2024/HD/CAMERA",DA_KY_HOP_DONG,2026-09-03,2026-09-04,"Bát đầu sau Tháng 4 (Ngày: 2026-09-03)"
110877,"BHTT_MBF25122022327548B7",DA_KY_HOP_DONG,2026-09-03,2027-09-03,"Bát đầu sau Tháng 4 (Ngày: 2026-09-03)"
110878,"BHTT_MBF25122005165678E7",DA_KY_HOP_DONG,2026-09-03,2027-09-03,"Bát đầu sau Tháng 4 (Ngày: 2026-09-03)"
110879,"BHTT_MBF2601059952178857",DA_KY_HOP_DONG,2026-09-03,2027-09-03,"Bát đầu sau Tháng 4 (Ngày: 2026-09-03)"
110880,"BHTT_MBF26010587485553E2",DA_KY_HOP_DONG,2026-09-03,2027-09-03,"Bát đầu sau Tháng 4 (Ngày: 2026-09-03)"
110881,"BHTT_MBF26010577554654FB",DA_KY_HOP_DONG,2026-09-03,2027-09-03,"Bát đầu sau Tháng 4 (Ngày: 2026-09-03)"
110882,"BHTT_MBF2512203305584540",DA_KY_HOP_DONG,2026-09-03,2027-09-03,"Bát đầu sau Tháng 4 (Ngày: 2026-09-03)"
110883,"BHTT_MBF25122041145805A9",DA_KY_HOP_DONG,2026-09-03,2027-09-03,"Bát đầu sau Tháng 4 (Ngày: 2026-09-03)"
110884,"BHTT_MBF260105375584271C",DA_KY_HOP_DONG,2026-09-03,2027-09-03,"Bát đầu sau Tháng 4 (Ngày: 2026-09-03)"
110885,"BHTT_MBF2512208312129340",DA_KY_HOP_DONG,2026-09-03,2027-09-03,"Bát đầu sau Tháng 4 (Ngày: 2026-09-03)"
110886,"BHTT_MBF26010599426985E9",DA_KY_HOP_DONG,2026-09-03,2027-09-03,"Bát đầu sau Tháng 4 (Ngày: 2026-09-03)"
110887,"95951-540101140BE84DBF1B648CE399341071",DA_KY_HOP_DONG,2026-09-03,2027-09-03,"Bát đầu sau Tháng 4 (Ngày: 2026-09-03)"
110888,"BHTT_MBF26010568299337D0",DA_KY_HOP_DONG,2026-09-03,2027-09-03,"Bát đầu sau Tháng 4 (Ngày: 2026-09-03)"
110889,"BHTT_MBF2601059806999816",DA_KY_HOP_DONG,2026-09-03,2027-09-03,"Bát đầu sau Tháng 4 (Ngày: 2026-09-03)"
110890,"BHTT_MBF260105409405622E",DA_KY_HOP_DONG,2026-09-03,2027-09-03,"Bát đầu sau Tháng 4 (Ngày: 2026-09-03)"
110891,"BHTT_MBF251220997206702A",DA_KY_HOP_DONG,2026-09-03,2027-09-03,"Bát đầu sau Tháng 4 (Ngày: 2026-09-03)"
110892,"QRMBF287151/2026",DA_KY_HOP_DONG,2026-09-03,2027-09-03,"Bát đầu sau Tháng 4 (Ngày: 2026-09-03)"
110893,"QRMBF287151/2026",DA_KY_HOP_DONG,2026-09-03,2031-09-29,"Bát đầu sau Tháng 4 (Ngày: 2026-09-03)"
110894,"BHTT_MBF26010516072244E9",DA_KY_HOP_DONG,2026-09-03,2027-09-03,"Bát đầu sau Tháng 4 (Ngày: 2026-09-03)"
110895,"BHTT_MBF25030915020",DA_KY_HOP_DONG,2026-09-03,2027-09-03,"Bát đầu sau Tháng 4 (Ngày: 2026-09-03)"
110896,"BHTT_MBF25122055489365DA",DA_KY_HOP_DONG,2026-09-03,2027-09-03,"Bát đầu sau Tháng 4 (Ngày: 2026-09-03)"
110897,"45/2026/MOBIFONE-MOBIFONE CA/MBF-DANANG",DA_KY_HOP_DONG,2026-09-03,2026-09-04,"Bát đầu sau Tháng 4 (Ngày: 2026-09-03)"
110898,"45/2026/MOBIFONE-MOBIFONE CA/MBF-DANANG",DA_KY_HOP_DONG,2026-09-03,2029-09-03,"Bát đầu sau Tháng 4 (Ngày: 2026-09-03)"
110899,"42/2026/MOBIFONE-MOBIFONE CA/MBF-DANANG",DA_KY_HOP_DONG,2026-09-03,2026-09-04,"Bát đầu sau Tháng 4 (Ngày: 2026-09-03)"
110900,"42/2026/MOBIFONE-MOBIFONE CA/MBF-DANANG",DA_KY_HOP_DONG,2026-09-03,2026-09-06,"Bát đầu sau Tháng 4 (Ngày: 2026-09-03)"
110901,"BHTT_MBF2512209962793922",DA_KY_HOP_DONG,2026-09-03,2027-09-03,"Bát đầu sau Tháng 4 (Ngày: 2026-09-03)"
110902,"02 /HĐ/CAMERA-QNA",DA_KY_HOP_DONG,2026-09-03,2027-09-03,"Bát đầu sau Tháng 4 (Ngày: 2026-09-03)"
110903,"BHTT_MBF25122090837765F2",DA_KY_HOP_DONG,2026-08-03,2027-08-03,"Bát đầu sau Tháng 4 (Ngày: 2026-08-03)"
110904,"BHTT_MBF2512201672969613",DA_KY_HOP_DONG,2026-08-03,2027-08-03,"Bát đầu sau Tháng 4 (Ngày: 2026-08-03)"
110905,"BHTT_MBF26010518000990D1",DA_KY_HOP_DONG,2026-08-03,2027-08-03,"Bát đầu sau Tháng 4 (Ngày: 2026-08-03)"
110906,"BHTT_MBF2512206360193939",DA_KY_HOP_DONG,2026-08-03,2027-08-03,"Bát đầu sau Tháng 4 (Ngày: 2026-08-03)"
110907,"BHTT_MBF26010543848416C2",DA_KY_HOP_DONG,2026-08-03,2027-08-03,"Bát đầu sau Tháng 4 (Ngày: 2026-08-03)"
110908,"BHTT_MBF26010572065111F6",DA_KY_HOP_DONG,2026-08-03,2027-08-03,"Bát đầu sau Tháng 4 (Ngày: 2026-08-03)"
110909,"44/2026/MOBIFONE-MOBIFONE CA/MBF-DANANG",DA_KY_HOP_DONG,2026-08-03,2027-08-03,"Bát đầu sau Tháng 4 (Ngày: 2026-08-03)"
110910,"137/2023/HĐ-MOBIFONE INVOICE/MBF-QNA",DA_KY_HOP_DONG,2026-08-03,2027-08-03,"Bát đầu sau Tháng 4 (Ngày: 2026-08-03)"
110911,"BHTT_MBF2601052483952600",DA_KY_HOP_DONG,2026-08-03,2027-08-03,"Bát đầu sau Tháng 4 (Ngày: 2026-08-03)"
110912,"BHTT_MBF251220394576619A",DA_KY_HOP_DONG,2026-08-03,2027-08-03,"Bát đầu sau Tháng 4 (Ngày: 2026-08-03)"
110913,"12/2021/HĐ-MOBIFONEINVOICE/3/MBF-ĐN2",DA_KY_HOP_DONG,2026-08-03,2027-08-03,"Bát đầu sau Tháng 4 (Ngày: 2026-08-03)"
110914,"BHTT_MBF2512204077035479",DA_KY_HOP_DONG,2026-08-03,2027-08-03,"Bát đầu sau Tháng 4 (Ngày: 2026-08-03)"
110915,"BHTT_MBF251220918945775F",DA_KY_HOP_DONG,2026-08-03,2027-08-03,"Bát đầu sau Tháng 4 (Ngày: 2026-08-03)"
110916,"BHTT_MBF2601058761362144",DA_KY_HOP_DONG,2026-08-03,2027-08-03,"Bát đầu sau Tháng 4 (Ngày: 2026-08-03)"
110917,"0000002-ĐN",DA_KY_HOP_DONG,2026-08-03,2026-08-09,"Bát đầu sau Tháng 4 (Ngày: 2026-08-03)"
110918,"BHTT_MBF26010596455168F0",DA_KY_HOP_DONG,2026-08-03,2027-08-03,"Bát đầu sau Tháng 4 (Ngày: 2026-08-03)"
110919,"BHTT_MBF2512209427345593",DA_KY_HOP_DONG,2026-08-03,2027-08-03,"Bát đầu sau Tháng 4 (Ngày: 2026-08-03)"
110920,"BHTT_MBF26010520338772C7",DA_KY_HOP_DONG,2026-08-03,2027-08-03,"Bát đầu sau Tháng 4 (Ngày: 2026-08-03)"
110921,"BHTT_MBF2601053385172779",DA_KY_HOP_DONG,2026-08-03,2027-08-03,"Bát đầu sau Tháng 4 (Ngày: 2026-08-03)"
110922,"BHTT_MBF260105982364449D",DA_KY_HOP_DONG,2026-08-03,2027-08-03,"Bát đầu sau Tháng 4 (Ngày: 2026-08-03)"
110923,"43/2026/MOBIFONE-MOBIFONE CA/MBF-DANANG",DA_KY_HOP_DONG,2026-08-03,2026-08-04,"Bát đầu sau Tháng 4 (Ngày: 2026-08-03)"
110924,"43/2026/MOBIFONE-MOBIFONE CA/MBF-DANANG",DA_KY_HOP_DONG,2026-08-03,2029-08-03,"Bát đầu sau Tháng 4 (Ngày: 2026-08-03)"
110925,"BHTT_MBF26010550139104CE",DA_KY_HOP_DONG,2026-08-03,2027-08-03,"Bát đầu sau Tháng 4 (Ngày: 2026-08-03)"
110926,"BHTT_MBF2512202851957796",DA_KY_HOP_DONG,2026-08-03,2027-08-03,"Bát đầu sau Tháng 4 (Ngày: 2026-08-03)"
110927,"BHTT_MBF25031201596",DA_KY_HOP_DONG,2026-08-03,2027-08-03,"Bát đầu sau Tháng 4 (Ngày: 2026-08-03)"
110928,"BHTT_MBF2601051614275794",DA_KY_HOP_DONG,2026-08-03,2027-08-03,"Bát đầu sau Tháng 4 (Ngày: 2026-08-03)"
110929,"BHTT_MBF26010597667323E0",DA_KY_HOP_DONG,2026-07-03,2027-07-03,"Bát đầu sau Tháng 4 (Ngày: 2026-07-03)"
110930,"BHTT_MBF25122049741947CE",DA_KY_HOP_DONG,2026-07-03,2027-07-03,"Bát đầu sau Tháng 4 (Ngày: 2026-07-03)"
110931,"BHTT_MBF251220640139873F",DA_KY_HOP_DONG,2026-07-03,2027-07-03,"Bát đầu sau Tháng 4 (Ngày: 2026-07-03)"
110932,"BHTT_MBF26010543700234C0",DA_KY_HOP_DONG,2026-07-03,2027-07-03,"Bát đầu sau Tháng 4 (Ngày: 2026-07-03)"
110933,"BHTT_MBF2512208130045140",DA_KY_HOP_DONG,2026-07-03,2027-07-03,"Bát đầu sau Tháng 4 (Ngày: 2026-07-03)"
110934,"BHTT_MBF25060218172132AA",DA_KY_HOP_DONG,2026-07-03,2027-07-03,"Bát đầu sau Tháng 4 (Ngày: 2026-07-03)"
110935,"BHTT_MBF2601053589070605",DA_KY_HOP_DONG,2026-07-03,2027-07-03,"Bát đầu sau Tháng 4 (Ngày: 2026-07-03)"
110936,"BHTT_MBF25122062516031A3",DA_KY_HOP_DONG,2026-07-03,2027-07-03,"Bát đầu sau Tháng 4 (Ngày: 2026-07-03)"
110937,"BHTT_MBF25122031035952BF",DA_KY_HOP_DONG,2026-07-03,2027-07-03,"Bát đầu sau Tháng 4 (Ngày: 2026-07-03)"
110938,"BHTT_MBF25020800486",DA_KY_HOP_DONG,2026-07-03,2027-07-03,"Bát đầu sau Tháng 4 (Ngày: 2026-07-03)"
110939,"BHTT_MBF2601059284522086",DA_KY_HOP_DONG,2026-07-03,2027-07-03,"Bát đầu sau Tháng 4 (Ngày: 2026-07-03)"
110940,"BHTT_MBF25122096815985F4",DA_KY_HOP_DONG,2026-07-03,2027-07-03,"Bát đầu sau Tháng 4 (Ngày: 2026-07-03)"
110941,"BHTT_MBF2601057238315105",DA_KY_HOP_DONG,2026-07-03,2027-07-03,"Bát đầu sau Tháng 4 (Ngày: 2026-07-03)"
110942,"BHTT_MBF260105348446159B",DA_KY_HOP_DONG,2026-07-03,2027-07-03,"Bát đầu sau Tháng 4 (Ngày: 2026-07-03)"
110943,"BHTT_MBF25122023321454B8",DA_KY_HOP_DONG,2026-06-03,2027-06-03,"Bát đầu sau Tháng 4 (Ngày: 2026-06-03)"
110944,"BHTT_MBF260105066473221D",DA_KY_HOP_DONG,2026-06-03,2027-06-03,"Bát đầu sau Tháng 4 (Ngày: 2026-06-03)"
110945,"BHTT_MBF25122087739407A5",DA_KY_HOP_DONG,2026-06-03,2027-06-03,"Bát đầu sau Tháng 4 (Ngày: 2026-06-03)"
110946,"BHTT_MBF25122007073087F6",DA_KY_HOP_DONG,2026-06-03,2027-06-03,"Bát đầu sau Tháng 4 (Ngày: 2026-06-03)"
110947,"BHTT_MBF251220851372801D",DA_KY_HOP_DONG,2026-06-03,2027-06-03,"Bát đầu sau Tháng 4 (Ngày: 2026-06-03)"
110948,"BHTT_MBF2601055896509692",DA_KY_HOP_DONG,2026-06-03,2027-06-03,"Bát đầu sau Tháng 4 (Ngày: 2026-06-03)"
110949,"BHTT_MBF260105820150622F",DA_KY_HOP_DONG,2026-06-03,2027-06-03,"Bát đầu sau Tháng 4 (Ngày: 2026-06-03)"
110950,"BHTT_MBF2512200625782998",DA_KY_HOP_DONG,2026-06-03,2027-06-03,"Bát đầu sau Tháng 4 (Ngày: 2026-06-03)"
110951,"BHTT_MBF26010528103300FE",DA_KY_HOP_DONG,2026-06-03,2027-06-03,"Bát đầu sau Tháng 4 (Ngày: 2026-06-03)"
110952,"BHTT_MBF2512206696346799",DA_KY_HOP_DONG,2026-06-03,2027-06-03,"Bát đầu sau Tháng 4 (Ngày: 2026-06-03)"
110953,"BHTT_MBF251220279318293F",DA_KY_HOP_DONG,2026-06-03,2027-06-03,"Bát đầu sau Tháng 4 (Ngày: 2026-06-03)"
110954,"BHTT_MBF25122019635151CA",DA_KY_HOP_DONG,2026-06-03,2027-06-03,"Bát đầu sau Tháng 4 (Ngày: 2026-06-03)"
110955,"BHTT_MBF2512208836102028",DA_KY_HOP_DONG,2026-06-03,2027-06-03,"Bát đầu sau Tháng 4 (Ngày: 2026-06-03)"
110956,"BHTT_MBF2601056097271971",DA_KY_HOP_DONG,2026-06-03,2027-06-03,"Bát đầu sau Tháng 4 (Ngày: 2026-06-03)"
110957,"BHTT_MBF251220065386857A",DA_KY_HOP_DONG,2026-06-03,2027-06-03,"Bát đầu sau Tháng 4 (Ngày: 2026-06-03)"
110958,"BHTT_MBF2512208736477570",DA_KY_HOP_DONG,2026-06-03,2027-06-03,"Bát đầu sau Tháng 4 (Ngày: 2026-06-03)"
110959,"BHTT_MBF251220137066042D",DA_KY_HOP_DONG,2026-06-03,2027-06-03,"Bát đầu sau Tháng 4 (Ngày: 2026-06-03)"
110960,"BHTT_MBF2602032391805053",DA_KY_HOP_DONG,2026-06-03,2027-06-03,"Bát đầu sau Tháng 4 (Ngày: 2026-06-03)"
110961,"BHTT_MBF25122069073159D7",DA_KY_HOP_DONG,2026-06-03,2027-06-03,"Bát đầu sau Tháng 4 (Ngày: 2026-06-03)"
110962,"BHTT_MBF2512204154996801",DA_KY_HOP_DONG,2026-06-03,2027-06-03,"Bát đầu sau Tháng 4 (Ngày: 2026-06-03)"
110963,"BHTT_MBF2512206162469930",DA_KY_HOP_DONG,2026-06-03,2027-06-03,"Bát đầu sau Tháng 4 (Ngày: 2026-06-03)"
110964,"BHTT_MBF25020801310",DA_KY_HOP_DONG,2026-06-03,2027-06-03,"Bát đầu sau Tháng 4 (Ngày: 2026-06-03)"
110965,"BHTT_MBF2601059481879816",DA_KY_HOP_DONG,2026-06-03,2027-06-03,"Bát đầu sau Tháng 4 (Ngày: 2026-06-03)"
110966,"31/HĐ/CAMERA -QNA",DA_KY_HOP_DONG,2026-05-03,2026-05-04,"Bát đầu sau Tháng 4 (Ngày: 2026-05-03)"
110967,"BHTT_MBF2512203653082990",DA_KY_HOP_DONG,2026-05-03,2027-05-03,"Bát đầu sau Tháng 4 (Ngày: 2026-05-03)"
110974,"41/2026/MOBIFONE-MOBIFONE CA/MBF-DANANG",DA_KY_HOP_DONG,2026-03-03,2026-03-04,"Đã kết thúc trước hoặc trong Tháng 4 (Ngày kết thúc: 2026-03-04)"
110975,"41/2026/MOBIFONE-MOBIFONE CA/MBF-DANANG",DA_KY_HOP_DONG,2026-03-03,2026-03-06,"Đã kết thúc trước hoặc trong Tháng 4 (Ngày kết thúc: 2026-03-06)"
111012,"51/2026/MOBIFONE CA-MOBIFONE/KHAITRINH-ĐN",DA_KY_HOP_DONG,2026-02-03,2026-02-04,"Đã kết thúc trước hoặc trong Tháng 4 (Ngày kết thúc: 2026-02-04)"
111028,"54/2026/MOBIFONE CA-MOBIFONE/HTC-ĐN",DA_KY_HOP_DONG,2026-01-03,2026-01-04,"Đã kết thúc trước hoặc trong Tháng 4 (Ngày kết thúc: 2026-01-04)"
111032,"50/2026/MOBIFONE CA-MOBIFONE/SACYL-ĐN",DA_KY_HOP_DONG,2026-01-03,2026-01-04,"Đã kết thúc trước hoặc trong Tháng 4 (Ngày kết thúc: 2026-01-04)"
111036,"34 /2026/MOBIFONE-MOBIFONE CA/MBF-DANANG",DA_KY_HOP_DONG,2026-01-03,2026-01-04,"Đã kết thúc trước hoặc trong Tháng 4 (Ngày kết thúc: 2026-01-04)"
111452,"BHTT_MBF2512208582102507",DA_KY_HOP_DONG,2026-12-02,2027-12-02,"Bát đầu sau Tháng 4 (Ngày: 2026-12-02)"
111453,"BHTT_MBF25032604485",DA_KY_HOP_DONG,2026-12-02,2027-12-02,"Bát đầu sau Tháng 4 (Ngày: 2026-12-02)"
111454,"BHTT_MBF2512200480356916",DA_KY_HOP_DONG,2026-12-02,2027-12-02,"Bát đầu sau Tháng 4 (Ngày: 2026-12-02)"
111455,"BHTT_MBF2512202139966453",DA_KY_HOP_DONG,2026-12-02,2027-12-02,"Bát đầu sau Tháng 4 (Ngày: 2026-12-02)"
111456,"BHTT_MBF2512204266517359",DA_KY_HOP_DONG,2026-12-02,2027-12-02,"Bát đầu sau Tháng 4 (Ngày: 2026-12-02)"
111457,"BHTT_MBF2512200784476007",DA_KY_HOP_DONG,2026-12-02,2027-12-02,"Bát đầu sau Tháng 4 (Ngày: 2026-12-02)"
111458,"FTTH_QNA",DA_KY_HOP_DONG,2026-12-02,2026-12-10,"Bát đầu sau Tháng 4 (Ngày: 2026-12-02)"
111459,"BHTT_MBF25122037216910C6",DA_KY_HOP_DONG,2026-12-02,2027-12-02,"Bát đầu sau Tháng 4 (Ngày: 2026-12-02)"
111460,"BHTT_MBF251220746943974C",DA_KY_HOP_DONG,2026-12-02,2027-12-02,"Bát đầu sau Tháng 4 (Ngày: 2026-12-02)"
111461,"BHTT_MBF2601055057347119",DA_KY_HOP_DONG,2026-12-02,2027-12-02,"Bát đầu sau Tháng 4 (Ngày: 2026-12-02)"
111462,"BHTT_MBF251220861234118A",DA_KY_HOP_DONG,2026-12-02,2027-12-02,"Bát đầu sau Tháng 4 (Ngày: 2026-12-02)"
111463,"BHTT_MBF251220306808984D",DA_KY_HOP_DONG,2026-12-02,2027-12-02,"Bát đầu sau Tháng 4 (Ngày: 2026-12-02)"
111464,"BHTT_MBF26010596765480F8",DA_KY_HOP_DONG,2026-12-02,2027-12-02,"Bát đầu sau Tháng 4 (Ngày: 2026-12-02)"
111465,"BHTT_MBF2601055032857852",DA_KY_HOP_DONG,2026-12-02,2027-12-02,"Bát đầu sau Tháng 4 (Ngày: 2026-12-02)"
111466,"BHTT_MBF25122005046238AE",DA_KY_HOP_DONG,2026-12-02,2027-12-02,"Bát đầu sau Tháng 4 (Ngày: 2026-12-02)"
111467,"QRMBF262033/2026",DA_KY_HOP_DONG,2026-12-02,2027-12-02,"Bát đầu sau Tháng 4 (Ngày: 2026-12-02)"
111468,"BHTT_MBF2601056738135718",DA_KY_HOP_DONG,2026-12-02,2027-12-02,"Bát đầu sau Tháng 4 (Ngày: 2026-12-02)"
111469,"BHTT_MBF251220067579272F",DA_KY_HOP_DONG,2026-12-02,2027-12-02,"Bát đầu sau Tháng 4 (Ngày: 2026-12-02)"
111470,"BHTT_MBF2512201890422034",DA_KY_HOP_DONG,2026-12-02,2027-12-02,"Bát đầu sau Tháng 4 (Ngày: 2026-12-02)"
111471,"BHTT_MBF2601059018045735",DA_KY_HOP_DONG,2026-12-02,2027-12-02,"Bát đầu sau Tháng 4 (Ngày: 2026-12-02)"
111472,"BHTT_MBF26010565284623B1",DA_KY_HOP_DONG,2026-11-02,2027-11-02,"Bát đầu sau Tháng 4 (Ngày: 2026-11-02)"
111473,"BHTT_MBF2512203838781138",DA_KY_HOP_DONG,2026-11-02,2027-11-02,"Bát đầu sau Tháng 4 (Ngày: 2026-11-02)"
111474,"BHTT_MBF26010500958276B2",DA_KY_HOP_DONG,2026-11-02,2027-11-02,"Bát đầu sau Tháng 4 (Ngày: 2026-11-02)"
111475,"BHTT_MBF25122010117069A2",DA_KY_HOP_DONG,2026-11-02,2027-11-02,"Bát đầu sau Tháng 4 (Ngày: 2026-11-02)"
111476,"BHTT_MBF2512202986025266",DA_KY_HOP_DONG,2026-11-02,2027-11-02,"Bát đầu sau Tháng 4 (Ngày: 2026-11-02)"
111477,"BHTT_MBF2601054169265840",DA_KY_HOP_DONG,2026-11-02,2027-11-02,"Bát đầu sau Tháng 4 (Ngày: 2026-11-02)"
111478,"BHTT_MBF2601059474548876",DA_KY_HOP_DONG,2026-11-02,2027-11-02,"Bát đầu sau Tháng 4 (Ngày: 2026-11-02)"
111479,"BHTT_MBF26010568888567F9",DA_KY_HOP_DONG,2026-11-02,2027-11-02,"Bát đầu sau Tháng 4 (Ngày: 2026-11-02)"
111480,"BHTT_MBF260105385609560A",DA_KY_HOP_DONG,2026-11-02,2027-11-02,"Bát đầu sau Tháng 4 (Ngày: 2026-11-02)"
111481,"BHTT_MBF2512203512736096",DA_KY_HOP_DONG,2026-11-02,2027-11-02,"Bát đầu sau Tháng 4 (Ngày: 2026-11-02)"
111482,"BHTT_MBF2512203811699018",DA_KY_HOP_DONG,2026-11-02,2027-11-02,"Bát đầu sau Tháng 4 (Ngày: 2026-11-02)"
111483,"BHTT_MBF2601053920857885",DA_KY_HOP_DONG,2026-11-02,2027-11-02,"Bát đầu sau Tháng 4 (Ngày: 2026-11-02)"
111484,"BHTT_MBF260105857908507D",DA_KY_HOP_DONG,2026-11-02,2027-11-02,"Bát đầu sau Tháng 4 (Ngày: 2026-11-02)"
111485,"BHTT_MBF25122044156133BA",DA_KY_HOP_DONG,2026-11-02,2027-11-02,"Bát đầu sau Tháng 4 (Ngày: 2026-11-02)"
111486,"BHTT_MBF251220011873196C",DA_KY_HOP_DONG,2026-11-02,2027-11-02,"Bát đầu sau Tháng 4 (Ngày: 2026-11-02)"
111487,"BHTT_MBF2512208314810624",DA_KY_HOP_DONG,2026-11-02,2027-11-02,"Bát đầu sau Tháng 4 (Ngày: 2026-11-02)"
111488,"BHTT_MBF25122006289622C4",DA_KY_HOP_DONG,2026-11-02,2027-11-02,"Bát đầu sau Tháng 4 (Ngày: 2026-11-02)"
111489,"BHTT_MBF2512209781628300",DA_KY_HOP_DONG,2026-11-02,2027-11-02,"Bát đầu sau Tháng 4 (Ngày: 2026-11-02)"
111490,"BHTT_MBF260105553731741C",DA_KY_HOP_DONG,2026-11-02,2027-11-02,"Bát đầu sau Tháng 4 (Ngày: 2026-11-02)"
111491,"BHTT_MBF251220505391503E",DA_KY_HOP_DONG,2026-11-02,2027-11-02,"Bát đầu sau Tháng 4 (Ngày: 2026-11-02)"
111492,"BHTT_MBF2512209625500668",DA_KY_HOP_DONG,2026-11-02,2027-11-02,"Bát đầu sau Tháng 4 (Ngày: 2026-11-02)"
111493,"BHTT_MBF2512206627644556",DA_KY_HOP_DONG,2026-11-02,2027-11-02,"Bát đầu sau Tháng 4 (Ngày: 2026-11-02)"
111494,"BHTT_MBF2512207491177316",DA_KY_HOP_DONG,2026-11-02,2027-11-02,"Bát đầu sau Tháng 4 (Ngày: 2026-11-02)"
111495,"BHTT_MBF2512201971361731",DA_KY_HOP_DONG,2026-11-02,2027-11-02,"Bát đầu sau Tháng 4 (Ngày: 2026-11-02)"
111496,"BHTT_MBF2601059848790095",DA_KY_HOP_DONG,2026-11-02,2027-11-02,"Bát đầu sau Tháng 4 (Ngày: 2026-11-02)"
111497,"BHTT_MBF25122046507391FF",DA_KY_HOP_DONG,2026-11-02,2027-11-02,"Bát đầu sau Tháng 4 (Ngày: 2026-11-02)"
111498,"BHTT_MBF26010500782770C4",DA_KY_HOP_DONG,2026-11-02,2027-11-02,"Bát đầu sau Tháng 4 (Ngày: 2026-11-02)"
111499,"BHTT_MBF26010508487887C5",DA_KY_HOP_DONG,2026-11-02,2027-11-02,"Bát đầu sau Tháng 4 (Ngày: 2026-11-02)"
111500,"BHTT_MBF2601051981440618",DA_KY_HOP_DONG,2026-11-02,2027-11-02,"Bát đầu sau Tháng 4 (Ngày: 2026-11-02)"
111501,"BHTT_MBF25122068059363BF",DA_KY_HOP_DONG,2026-11-02,2027-11-02,"Bát đầu sau Tháng 4 (Ngày: 2026-11-02)"
111502,"BHTT_MBF251220433351303B",DA_KY_HOP_DONG,2026-11-02,2027-11-02,"Bát đầu sau Tháng 4 (Ngày: 2026-11-02)"
111503,"BHTT_MBF25122065295277FD",DA_KY_HOP_DONG,2026-10-02,2027-10-02,"Bát đầu sau Tháng 4 (Ngày: 2026-10-02)"
111504,"BHTT_MBF26010594427377D2",DA_KY_HOP_DONG,2026-10-02,2027-10-02,"Bát đầu sau Tháng 4 (Ngày: 2026-10-02)"
111505,"BHTT_MBF251220887486441C",DA_KY_HOP_DONG,2026-10-02,2027-10-02,"Bát đầu sau Tháng 4 (Ngày: 2026-10-02)"
111506,"BHTT_MBF2601050616053510",DA_KY_HOP_DONG,2026-10-02,2027-10-02,"Bát đầu sau Tháng 4 (Ngày: 2026-10-02)"
111507,"BHTT_MBF2601059219348109",DA_KY_HOP_DONG,2026-10-02,2027-10-02,"Bát đầu sau Tháng 4 (Ngày: 2026-10-02)"
111508,"BHTT_MBF251220616692175F",DA_KY_HOP_DONG,2026-10-02,2027-10-02,"Bát đầu sau Tháng 4 (Ngày: 2026-10-02)"
111509,"BHTT_MBF2512209055907387",DA_KY_HOP_DONG,2026-10-02,2027-10-02,"Bát đầu sau Tháng 4 (Ngày: 2026-10-02)"
111510,"30/2026/MOBIFONE-MOBIFONE CA/MBF-DANANG",DA_KY_HOP_DONG,2026-10-02,2029-10-02,"Bát đầu sau Tháng 4 (Ngày: 2026-10-02)"
111511,"BHTT_MBF251220451695143E",DA_KY_HOP_DONG,2026-10-02,2027-10-02,"Bát đầu sau Tháng 4 (Ngày: 2026-10-02)"
111512,"BHTT_MBF2512201785093294",DA_KY_HOP_DONG,2026-10-02,2027-10-02,"Bát đầu sau Tháng 4 (Ngày: 2026-10-02)"
111513,"BHTT_MBF251220513245430C",DA_KY_HOP_DONG,2026-10-02,2027-10-02,"Bát đầu sau Tháng 4 (Ngày: 2026-10-02)"
111514,"BHTT_MBF2512200225318459",DA_KY_HOP_DONG,2026-10-02,2027-10-02,"Bát đầu sau Tháng 4 (Ngày: 2026-10-02)"
111515,"BHTT_MBF25122049773608E2",DA_KY_HOP_DONG,2026-10-02,2027-10-02,"Bát đầu sau Tháng 4 (Ngày: 2026-10-02)"
111516,"BHTT_MBF2512206449708640",DA_KY_HOP_DONG,2026-10-02,2027-10-02,"Bát đầu sau Tháng 4 (Ngày: 2026-10-02)"
111517,"BHTT_MBF2512200512457617",DA_KY_HOP_DONG,2026-10-02,2027-10-02,"Bát đầu sau Tháng 4 (Ngày: 2026-10-02)"
111518,"BHTT_MBF251220618695804D",DA_KY_HOP_DONG,2026-10-02,2027-10-02,"Bát đầu sau Tháng 4 (Ngày: 2026-10-02)"
111519,"BHTT_MBF2512201279072441",DA_KY_HOP_DONG,2026-10-02,2027-10-02,"Bát đầu sau Tháng 4 (Ngày: 2026-10-02)"
111520,"BHTT_MBF25122014385708B6",DA_KY_HOP_DONG,2026-10-02,2027-10-02,"Bát đầu sau Tháng 4 (Ngày: 2026-10-02)"
111521,"BHTT_MBF25122019663025A9",DA_KY_HOP_DONG,2026-10-02,2027-10-02,"Bát đầu sau Tháng 4 (Ngày: 2026-10-02)"
111522,"BHTT_MBF25122029375118D2",DA_KY_HOP_DONG,2026-10-02,2027-10-02,"Bát đầu sau Tháng 4 (Ngày: 2026-10-02)"
111523,"BHTT_MBF2512201320370179",DA_KY_HOP_DONG,2026-10-02,2027-10-02,"Bát đầu sau Tháng 4 (Ngày: 2026-10-02)"
111524,"BHTT_MBF2512207933618105",DA_KY_HOP_DONG,2026-09-02,2027-09-02,"Bát đầu sau Tháng 4 (Ngày: 2026-09-02)"
111525,"BHTT_MBF251220091732626F",DA_KY_HOP_DONG,2026-09-02,2027-09-02,"Bát đầu sau Tháng 4 (Ngày: 2026-09-02)"
111526,"BHTT_MBF26010560718594C0",DA_KY_HOP_DONG,2026-09-02,2027-09-02,"Bát đầu sau Tháng 4 (Ngày: 2026-09-02)"
111527,"BHTT_MBF26010529633112F7",DA_KY_HOP_DONG,2026-09-02,2027-09-02,"Bát đầu sau Tháng 4 (Ngày: 2026-09-02)"
111528,"BHTT_MBF25030915733",DA_KY_HOP_DONG,2026-09-02,2027-09-02,"Bát đầu sau Tháng 4 (Ngày: 2026-09-02)"
111529,"27/2026/MOBIFONE-MOBIFONE CA/MBF-DANANG",DA_KY_HOP_DONG,2026-09-02,2029-09-02,"Bát đầu sau Tháng 4 (Ngày: 2026-09-02)"
111530,"28/2026/MOBIFONE-MOBIFONE CA/MBF-DANANG",DA_KY_HOP_DONG,2026-09-02,2029-09-02,"Bát đầu sau Tháng 4 (Ngày: 2026-09-02)"
111531,"26/2026/MOBIFONE-MOBIFONE CA/MBF-DANANG",DA_KY_HOP_DONG,2026-09-02,2029-09-02,"Bát đầu sau Tháng 4 (Ngày: 2026-09-02)"
111532,"29/2026/MOBIFONE-MOBIFONE CA/MBF-DANANG",DA_KY_HOP_DONG,2026-09-02,2029-09-02,"Bát đầu sau Tháng 4 (Ngày: 2026-09-02)"
111533,"32/2020/HĐ-MOBIFONEINVOICE/3/MBF-ĐN2",DA_KY_HOP_DONG,2026-09-02,2027-09-02,"Bát đầu sau Tháng 4 (Ngày: 2026-09-02)"
111534,"BHTT_MBF25030915729",DA_KY_HOP_DONG,2026-09-02,2027-09-02,"Bát đầu sau Tháng 4 (Ngày: 2026-09-02)"
111535,"BHTT_MBF25030915024",DA_KY_HOP_DONG,2026-09-02,2027-09-02,"Bát đầu sau Tháng 4 (Ngày: 2026-09-02)"
111536,"BHTT_MBF25032604433",DA_KY_HOP_DONG,2026-09-02,2027-09-02,"Bát đầu sau Tháng 4 (Ngày: 2026-09-02)"
111537,"BHTT_MBF2512201999673657",DA_KY_HOP_DONG,2026-09-02,2027-09-02,"Bát đầu sau Tháng 4 (Ngày: 2026-09-02)"
111538,"BHTT_MBF2512206779491284",DA_KY_HOP_DONG,2026-09-02,2027-09-02,"Bát đầu sau Tháng 4 (Ngày: 2026-09-02)"
111539,"BHTT_MBF260105299257386C",DA_KY_HOP_DONG,2026-08-02,2027-08-02,"Bát đầu sau Tháng 4 (Ngày: 2026-08-02)"
111540,"BHTT_MBF2512205223828937",DA_KY_HOP_DONG,2026-07-02,2027-07-02,"Bát đầu sau Tháng 4 (Ngày: 2026-07-02)"
111541,"BHTT_MBF25122053928936F5",DA_KY_HOP_DONG,2026-07-02,2027-07-02,"Bát đầu sau Tháng 4 (Ngày: 2026-07-02)"
111542,"BHTT_MBF2512200787082647",DA_KY_HOP_DONG,2026-07-02,2027-07-02,"Bát đầu sau Tháng 4 (Ngày: 2026-07-02)"
111543,"BHTT_MBF25020801527",DA_KY_HOP_DONG,2026-07-02,2027-07-02,"Bát đầu sau Tháng 4 (Ngày: 2026-07-02)"
111544,"BHTT_MBF25122068766580DE",DA_KY_HOP_DONG,2026-07-02,2027-07-02,"Bát đầu sau Tháng 4 (Ngày: 2026-07-02)"
111545,"BHTT_MBF25122055277738CD",DA_KY_HOP_DONG,2026-07-02,2027-07-02,"Bát đầu sau Tháng 4 (Ngày: 2026-07-02)"
111546,"BHTT_MBF251220037249812D",DA_KY_HOP_DONG,2026-07-02,2027-07-02,"Bát đầu sau Tháng 4 (Ngày: 2026-07-02)"
111547,"BHTT_MBF2601059268046696",DA_KY_HOP_DONG,2026-07-02,2027-07-02,"Bát đầu sau Tháng 4 (Ngày: 2026-07-02)"
111548,"BHTT_MBF2509091280388691",DA_KY_HOP_DONG,2026-06-02,2027-06-02,"Bát đầu sau Tháng 4 (Ngày: 2026-06-02)"
111549,"BHTT_MBF2512201532931777",DA_KY_HOP_DONG,2026-06-02,2027-06-02,"Bát đầu sau Tháng 4 (Ngày: 2026-06-02)"
111550,"25/2026/MOBIFONE-MOBIFONE CA/MBF-DANANG",DA_KY_HOP_DONG,2026-06-02,2029-06-02,"Bát đầu sau Tháng 4 (Ngày: 2026-06-02)"
111551,"BHTT_MBF25122095316343EE",DA_KY_HOP_DONG,2026-06-02,2027-06-02,"Bát đầu sau Tháng 4 (Ngày: 2026-06-02)"
111552,"BHTT_MBF251220872338920B",DA_KY_HOP_DONG,2026-06-02,2027-06-02,"Bát đầu sau Tháng 4 (Ngày: 2026-06-02)"
111553,"BHTT_MBF2512205438617176",DA_KY_HOP_DONG,2026-06-02,2027-06-02,"Bát đầu sau Tháng 4 (Ngày: 2026-06-02)"
111554,"40/2026/MOBIFONECA-MOBIFONE /APARTMENT-ĐN",DA_KY_HOP_DONG,2026-06-02,2027-06-02,"Bát đầu sau Tháng 4 (Ngày: 2026-06-02)"
111555,"BHTT_MBF251220596715451A",DA_KY_HOP_DONG,2026-06-02,2027-06-02,"Bát đầu sau Tháng 4 (Ngày: 2026-06-02)"
111556,"BHTT_MBF2601052131366992",DA_KY_HOP_DONG,2026-06-02,2027-06-02,"Bát đầu sau Tháng 4 (Ngày: 2026-06-02)"
111557,"BHTT_MBF251220979926355F",DA_KY_HOP_DONG,2026-06-02,2027-06-02,"Bát đầu sau Tháng 4 (Ngày: 2026-06-02)"
111558,"05/2026/HĐ MOBIFONE/ COMBOCA/DOTHITHUYTRANG",DA_KY_HOP_DONG,2026-06-02,2027-06-02,"Bát đầu sau Tháng 4 (Ngày: 2026-06-02)"
111559,"BHTT_MBF2506022896516100",DA_KY_HOP_DONG,2026-06-02,2027-06-02,"Bát đầu sau Tháng 4 (Ngày: 2026-06-02)"
111560,"BHTT_MBF25122021540873D6",DA_KY_HOP_DONG,2026-06-02,2027-06-02,"Bát đầu sau Tháng 4 (Ngày: 2026-06-02)"
111561,"BHTT_MBF25122010880658AF",DA_KY_HOP_DONG,2026-05-02,2027-05-02,"Bát đầu sau Tháng 4 (Ngày: 2026-05-02)"
111562,"06/2026/MOBIFONECA-MOBIFONE/TRANDUYHUY",DA_KY_HOP_DONG,2026-05-02,2027-05-02,"Bát đầu sau Tháng 4 (Ngày: 2026-05-02)"
111563,"BHTT_MBF25122062262416FD",DA_KY_HOP_DONG,2026-05-02,2027-05-02,"Bát đầu sau Tháng 4 (Ngày: 2026-05-02)"
111564,"BHTT_MBF2512202200294673",DA_KY_HOP_DONG,2026-05-02,2027-05-02,"Bát đầu sau Tháng 4 (Ngày: 2026-05-02)"
111565,"BHTT_MBF2512206052668185",DA_KY_HOP_DONG,2026-05-02,2027-05-02,"Bát đầu sau Tháng 4 (Ngày: 2026-05-02)"
111566,"BHTT_MBF25122063755286C8",DA_KY_HOP_DONG,2026-05-02,2027-05-02,"Bát đầu sau Tháng 4 (Ngày: 2026-05-02)"
111567,"BHTT_MBF25122086499898E4",DA_KY_HOP_DONG,2026-05-02,2027-05-02,"Bát đầu sau Tháng 4 (Ngày: 2026-05-02)"
111568,"BHTT_MBF26010562152562E9",DA_KY_HOP_DONG,2026-05-02,2027-05-02,"Bát đầu sau Tháng 4 (Ngày: 2026-05-02)"
111569,"BHTT_MBF25122066915326C8",DA_KY_HOP_DONG,2026-05-02,2027-05-02,"Bát đầu sau Tháng 4 (Ngày: 2026-05-02)"
111570,"QRMBF256356/2026",DA_KY_HOP_DONG,2026-05-02,2027-05-02,"Bát đầu sau Tháng 4 (Ngày: 2026-05-02)"
111571,"QRMBF254007/2026",DA_KY_HOP_DONG,2026-05-02,2027-05-02,"Bát đầu sau Tháng 4 (Ngày: 2026-05-02)"
111572,"QRMBF257690/2026",DA_KY_HOP_DONG,2026-05-02,2027-05-02,"Bát đầu sau Tháng 4 (Ngày: 2026-05-02)"
111573,"QRMBF261707/2026",DA_KY_HOP_DONG,2026-05-02,2027-05-02,"Bát đầu sau Tháng 4 (Ngày: 2026-05-02)"
111574,"QRMBF259834/2026",DA_KY_HOP_DONG,2026-05-02,2027-05-02,"Bát đầu sau Tháng 4 (Ngày: 2026-05-02)"
111575,"BHTT_MBF2512201441608436",DA_KY_HOP_DONG,2026-05-02,2027-05-02,"Bát đầu sau Tháng 4 (Ngày: 2026-05-02)"
111576,"BHTT_MBF2512209996510355",DA_KY_HOP_DONG,2026-05-02,2027-05-02,"Bát đầu sau Tháng 4 (Ngày: 2026-05-02)"
111577,"BHTT_MBF25122050425712A9",DA_KY_HOP_DONG,2026-05-02,2027-05-02,"Bát đầu sau Tháng 4 (Ngày: 2026-05-02)"
111578,"BHTT_MBF251220410170058D",DA_KY_HOP_DONG,2026-05-02,2027-05-02,"Bát đầu sau Tháng 4 (Ngày: 2026-05-02)"
111579,"BHTT_MBF2512201778430482",DA_KY_HOP_DONG,2026-05-02,2027-05-02,"Bát đầu sau Tháng 4 (Ngày: 2026-05-02)"
111629,"31/HĐ/CAMERA -QNA",DA_KY_HOP_DONG,2026-02-02,2026-02-08,"Đã kết thúc trước hoặc trong Tháng 4 (Ngày kết thúc: 2026-02-08)"
111630,"31/HĐ/CAMERA -QNA",DA_KY_HOP_DONG,2026-02-02,2026-02-08,"Đã kết thúc trước hoặc trong Tháng 4 (Ngày kết thúc: 2026-02-08)"
111713,"BHTT_MBF25122073505388E7",DA_KY_HOP_DONG,2026-12-01,2027-12-01,"Bát đầu sau Tháng 4 (Ngày: 2026-12-01)"
111714,"BHTT_MBF25122069451401D4",DA_KY_HOP_DONG,2026-12-01,2027-12-01,"Bát đầu sau Tháng 4 (Ngày: 2026-12-01)"
111715,"BHTT_MBF25122070725673FE",DA_KY_HOP_DONG,2026-12-01,2027-12-01,"Bát đầu sau Tháng 4 (Ngày: 2026-12-01)"
111716,"BHTT_MBF251220344172889C",DA_KY_HOP_DONG,2026-12-01,2027-12-01,"Bát đầu sau Tháng 4 (Ngày: 2026-12-01)"
111717,"BHTT_MBF25032604490",DA_KY_HOP_DONG,2026-12-01,2027-12-01,"Bát đầu sau Tháng 4 (Ngày: 2026-12-01)"
111718,"QRMBF250297/2026",DA_KY_HOP_DONG,2026-12-01,2027-12-01,"Bát đầu sau Tháng 4 (Ngày: 2026-12-01)"
111719,"QRMBF250944/2026",DA_KY_HOP_DONG,2026-12-01,2027-12-01,"Bát đầu sau Tháng 4 (Ngày: 2026-12-01)"
111720,"QRMBF252649/2026",DA_KY_HOP_DONG,2026-12-01,2027-12-01,"Bát đầu sau Tháng 4 (Ngày: 2026-12-01)"
111721,"QRMBF250464/2026",DA_KY_HOP_DONG,2026-12-01,2027-12-01,"Bát đầu sau Tháng 4 (Ngày: 2026-12-01)"
111722,"QRMBF252783/2026",DA_KY_HOP_DONG,2026-12-01,2027-12-01,"Bát đầu sau Tháng 4 (Ngày: 2026-12-01)"
111723,"QRMBF250729/2026",DA_KY_HOP_DONG,2026-12-01,2027-12-01,"Bát đầu sau Tháng 4 (Ngày: 2026-12-01)"
111724,"QRMBF250874/2026",DA_KY_HOP_DONG,2026-12-01,2027-12-01,"Bát đầu sau Tháng 4 (Ngày: 2026-12-01)"
111725,"QRMBF253990/2026",DA_KY_HOP_DONG,2026-12-01,2027-12-01,"Bát đầu sau Tháng 4 (Ngày: 2026-12-01)"
111726,"QRMBF252926/2026",DA_KY_HOP_DONG,2026-12-01,2027-12-01,"Bát đầu sau Tháng 4 (Ngày: 2026-12-01)"
111727,"BHTT_MBF2506024726008005",DA_KY_HOP_DONG,2026-12-01,2027-12-01,"Bát đầu sau Tháng 4 (Ngày: 2026-12-01)"
111728,"BHTT_MBF250909181673953B",DA_KY_HOP_DONG,2026-12-01,2027-12-01,"Bát đầu sau Tháng 4 (Ngày: 2026-12-01)"
111729,"BHTT_MBF25122072168445A1",DA_KY_HOP_DONG,2026-12-01,2027-12-01,"Bát đầu sau Tháng 4 (Ngày: 2026-12-01)"
111730,"BHTT_MBF2512209424921085",DA_KY_HOP_DONG,2026-12-01,2027-12-01,"Bát đầu sau Tháng 4 (Ngày: 2026-12-01)"
111731,"BHTT_MBF2512202205316927",DA_KY_HOP_DONG,2026-12-01,2027-12-01,"Bát đầu sau Tháng 4 (Ngày: 2026-12-01)"
111732,"BHTT_MBF251220272065961B",DA_KY_HOP_DONG,2026-12-01,2027-12-01,"Bát đầu sau Tháng 4 (Ngày: 2026-12-01)"
111733,"BHTT_MBF25122040472826E3",DA_KY_HOP_DONG,2026-12-01,2027-12-01,"Bát đầu sau Tháng 4 (Ngày: 2026-12-01)"
111734,"BHTT_MBF2512200959823037",DA_KY_HOP_DONG,2026-11-01,2027-11-01,"Bát đầu sau Tháng 4 (Ngày: 2026-11-01)"
111735,"BHTT_MBF251220680256620A",DA_KY_HOP_DONG,2026-11-01,2027-11-01,"Bát đầu sau Tháng 4 (Ngày: 2026-11-01)"
111736,"BHTT_MBF25122038306484F3",DA_KY_HOP_DONG,2026-11-01,2027-11-01,"Bát đầu sau Tháng 4 (Ngày: 2026-11-01)"
111737,"BHTT_MBF2512203602194812",DA_KY_HOP_DONG,2026-11-01,2027-11-01,"Bát đầu sau Tháng 4 (Ngày: 2026-11-01)"
111738,"BHTT_MBF251220236598634F",DA_KY_HOP_DONG,2026-11-01,2027-11-01,"Bát đầu sau Tháng 4 (Ngày: 2026-11-01)"
111739,"BHTT_MBF251220073907134E",DA_KY_HOP_DONG,2026-11-01,2027-11-01,"Bát đầu sau Tháng 4 (Ngày: 2026-11-01)"
111740,"BHTT_MBF2512202226632000",DA_KY_HOP_DONG,2026-11-01,2027-11-01,"Bát đầu sau Tháng 4 (Ngày: 2026-11-01)"
111741,"BHTT_MBF25020800478",DA_KY_HOP_DONG,2026-11-01,2027-11-01,"Bát đầu sau Tháng 4 (Ngày: 2026-11-01)"
111742,"BHTT_MBF2512201352097022",DA_KY_HOP_DONG,2026-11-01,2027-11-01,"Bát đầu sau Tháng 4 (Ngày: 2026-11-01)"
111743,"BHTT_MBF2512203265485592",DA_KY_HOP_DONG,2026-11-01,2027-11-01,"Bát đầu sau Tháng 4 (Ngày: 2026-11-01)"
111744,"BHTT_MBF25122043942486EE",DA_KY_HOP_DONG,2026-11-01,2027-11-01,"Bát đầu sau Tháng 4 (Ngày: 2026-11-01)"
111745,"BHTT_MBF251220600427773C",DA_KY_HOP_DONG,2026-11-01,2027-11-01,"Bát đầu sau Tháng 4 (Ngày: 2026-11-01)"
111746,"BHTT_MBF25122013331705BC",DA_KY_HOP_DONG,2026-11-01,2027-11-01,"Bát đầu sau Tháng 4 (Ngày: 2026-11-01)"
111747,"02/2026/PKI/MOBIFONE CA/DN1 - HUỲNH DUY VĨNH",DA_KY_HOP_DONG,2026-11-01,2029-11-01,"Bát đầu sau Tháng 4 (Ngày: 2026-11-01)"
111748,"01/2026/PKI/MOBIFONE CA/DN1 - NGUYỄN VĂN MINH TUẤN",DA_KY_HOP_DONG,2026-11-01,2029-11-01,"Bát đầu sau Tháng 4 (Ngày: 2026-11-01)"
111749,"BHTT_MBF25122038924382E8",DA_KY_HOP_DONG,2026-11-01,2027-11-01,"Bát đầu sau Tháng 4 (Ngày: 2026-11-01)"
111750,"BHTT_MBF25030801645",DA_KY_HOP_DONG,2026-10-01,2027-10-01,"Bát đầu sau Tháng 4 (Ngày: 2026-10-01)"
111751,"BHTT_MBF2509094571693665",DA_KY_HOP_DONG,2026-10-01,2027-10-01,"Bát đầu sau Tháng 4 (Ngày: 2026-10-01)"
111752,"BHTT_MBF251220916706457F",DA_KY_HOP_DONG,2026-10-01,2027-10-01,"Bát đầu sau Tháng 4 (Ngày: 2026-10-01)"
111753,"08/2025/HĐ-MOBIFONE CA/ANHUNGPHATGH - DN",DA_KY_HOP_DONG,2026-10-01,2027-10-01,"Bát đầu sau Tháng 4 (Ngày: 2026-10-01)"
111754,"BHTT_MBF251220804442906C",DA_KY_HOP_DONG,2026-10-01,2027-10-01,"Bát đầu sau Tháng 4 (Ngày: 2026-10-01)"
111755,"BHTT_MBF2512200930942729",DA_KY_HOP_DONG,2026-10-01,2027-10-01,"Bát đầu sau Tháng 4 (Ngày: 2026-10-01)"
111756,"304/2026/MOBIFONE-MOBIFONE CA/MBF-DANANG",DA_KY_HOP_DONG,2026-10-01,2029-10-01,"Bát đầu sau Tháng 4 (Ngày: 2026-10-01)"
111757,"BHTT_MBF2506021035719085",DA_KY_HOP_DONG,2026-10-01,2027-10-01,"Bát đầu sau Tháng 4 (Ngày: 2026-10-01)"
111758,"BHTT_MBF251220443644012B",DA_KY_HOP_DONG,2026-10-01,2027-10-01,"Bát đầu sau Tháng 4 (Ngày: 2026-10-01)"
111759,"BHTT_MBF25122099892598EF",DA_KY_HOP_DONG,2026-10-01,2027-10-01,"Bát đầu sau Tháng 4 (Ngày: 2026-10-01)"
111760,"BHTT_MBF25122077669198E3",DA_KY_HOP_DONG,2026-10-01,2027-10-01,"Bát đầu sau Tháng 4 (Ngày: 2026-10-01)"
111761,"BHTT_MBF25122056270037C6",DA_KY_HOP_DONG,2026-10-01,2027-10-01,"Bát đầu sau Tháng 4 (Ngày: 2026-10-01)"
111762,"BHTT_MBF2512200479476765",DA_KY_HOP_DONG,2026-10-01,2027-10-01,"Bát đầu sau Tháng 4 (Ngày: 2026-10-01)"
111763,"BHTT_MBF2512202940001275",DA_KY_HOP_DONG,2026-10-01,2027-10-01,"Bát đầu sau Tháng 4 (Ngày: 2026-10-01)"
111764,"BHTT_MBF251220267347926F",DA_KY_HOP_DONG,2026-10-01,2027-10-01,"Bát đầu sau Tháng 4 (Ngày: 2026-10-01)"
111765,"BHTT_MBF2512202016406096",DA_KY_HOP_DONG,2026-10-01,2027-10-01,"Bát đầu sau Tháng 4 (Ngày: 2026-10-01)"
111766,"BHTT_MBF25030915081",DA_KY_HOP_DONG,2026-10-01,2027-10-01,"Bát đầu sau Tháng 4 (Ngày: 2026-10-01)"
111767,"BHTT_MBF251220598982522F",DA_KY_HOP_DONG,2026-10-01,2027-10-01,"Bát đầu sau Tháng 4 (Ngày: 2026-10-01)"
111768,"BHTT_MBF2512209903249064",DA_KY_HOP_DONG,2026-10-01,2027-10-01,"Bát đầu sau Tháng 4 (Ngày: 2026-10-01)"
111769,"BHTT_MBF25122025267696DE",DA_KY_HOP_DONG,2026-10-01,2027-10-01,"Bát đầu sau Tháng 4 (Ngày: 2026-10-01)"
111770,"BHTT_MBF25122015363190AC",DA_KY_HOP_DONG,2026-09-01,2027-09-01,"Bát đầu sau Tháng 4 (Ngày: 2026-09-01)"
111771,"BHTT_MBF25122032053212EB",DA_KY_HOP_DONG,2026-09-01,2027-09-01,"Bát đầu sau Tháng 4 (Ngày: 2026-09-01)"
111772,"BHTT_MBF25122031652001E6",DA_KY_HOP_DONG,2026-09-01,2027-09-01,"Bát đầu sau Tháng 4 (Ngày: 2026-09-01)"
111773,"BHTT_MBF2512208635137942",DA_KY_HOP_DONG,2026-09-01,2027-09-01,"Bát đầu sau Tháng 4 (Ngày: 2026-09-01)"
111774,"BHTT_MBF2512207669022946",DA_KY_HOP_DONG,2026-09-01,2027-09-01,"Bát đầu sau Tháng 4 (Ngày: 2026-09-01)"
111775,"BHTT_MBF2512204210290058",DA_KY_HOP_DONG,2026-09-01,2027-09-01,"Bát đầu sau Tháng 4 (Ngày: 2026-09-01)"
111776,"BHTT_MBF2512200176376197",DA_KY_HOP_DONG,2026-09-01,2027-09-01,"Bát đầu sau Tháng 4 (Ngày: 2026-09-01)"
111777,"33/2026/HD-MOBIFONECA/TONGQUOCHOANG-ĐN",DA_KY_HOP_DONG,2026-09-01,2026-09-04,"Bát đầu sau Tháng 4 (Ngày: 2026-09-01)"
111778,"BHTT_MBF251220119368769D",DA_KY_HOP_DONG,2026-09-01,2027-09-01,"Bát đầu sau Tháng 4 (Ngày: 2026-09-01)"
111779,"BHTT_MBF25122012611485A9",DA_KY_HOP_DONG,2026-09-01,2027-09-01,"Bát đầu sau Tháng 4 (Ngày: 2026-09-01)"
111780,"BHTT_MBF2512201925254208",DA_KY_HOP_DONG,2026-09-01,2027-09-01,"Bát đầu sau Tháng 4 (Ngày: 2026-09-01)"
111781,"BHTT_MBF251220628905470C",DA_KY_HOP_DONG,2026-09-01,2027-09-01,"Bát đầu sau Tháng 4 (Ngày: 2026-09-01)"
111782,"BHTT_MBF2512201685109841",DA_KY_HOP_DONG,2026-07-01,2027-07-01,"Bát đầu sau Tháng 4 (Ngày: 2026-07-01)"
111783,"BHTT_MBF25122097786036C5",DA_KY_HOP_DONG,2026-06-01,2027-06-01,"Bát đầu sau Tháng 4 (Ngày: 2026-06-01)"
111784,"BHTT_MBF25122073415354BA",DA_KY_HOP_DONG,2026-06-01,2027-06-01,"Bát đầu sau Tháng 4 (Ngày: 2026-06-01)"
111785,"BHTT_MBF25030915708",DA_KY_HOP_DONG,2026-06-01,2027-06-01,"Bát đầu sau Tháng 4 (Ngày: 2026-06-01)"
111786,"BHTT_MBF2512203551468069",DA_KY_HOP_DONG,2026-06-01,2027-06-01,"Bát đầu sau Tháng 4 (Ngày: 2026-06-01)"
111787,"BHTT_MBF25122017186450F4",DA_KY_HOP_DONG,2026-06-01,2027-06-01,"Bát đầu sau Tháng 4 (Ngày: 2026-06-01)"
111788,"BHTT_MBF2512200545278404",DA_KY_HOP_DONG,2026-06-01,2027-06-01,"Bát đầu sau Tháng 4 (Ngày: 2026-06-01)"
111789,"BHTT_MBF25122037283611EF",DA_KY_HOP_DONG,2026-06-01,2027-06-01,"Bát đầu sau Tháng 4 (Ngày: 2026-06-01)"
111790,"23/2026/MOBIFONE-MOBIFONE CA/MBF-DANANG",DA_KY_HOP_DONG,2026-06-01,2027-06-01,"Bát đầu sau Tháng 4 (Ngày: 2026-06-01)"
111791,"BHTT_MBF25122004988587DD",DA_KY_HOP_DONG,2026-06-01,2027-06-01,"Bát đầu sau Tháng 4 (Ngày: 2026-06-01)"
111792,"BHTT_MBF2512206229780546",DA_KY_HOP_DONG,2026-06-01,2027-06-01,"Bát đầu sau Tháng 4 (Ngày: 2026-06-01)"
111793,"BHTT_MBF2512200860217156",DA_KY_HOP_DONG,2026-06-01,2027-06-01,"Bát đầu sau Tháng 4 (Ngày: 2026-06-01)"
111794,"BHTT_MBF25122000669279D3",DA_KY_HOP_DONG,2026-06-01,2027-06-01,"Bát đầu sau Tháng 4 (Ngày: 2026-06-01)"
111795,"BHTT_MBF2512208006795482",DA_KY_HOP_DONG,2026-06-01,2027-06-01,"Bát đầu sau Tháng 4 (Ngày: 2026-06-01)"
111796,"BHTT_MBF251220012160673F",DA_KY_HOP_DONG,2026-06-01,2027-06-01,"Bát đầu sau Tháng 4 (Ngày: 2026-06-01)"
111797,"BHTT_MBF25122001202777A3",DA_KY_HOP_DONG,2026-06-01,2027-06-01,"Bát đầu sau Tháng 4 (Ngày: 2026-06-01)"
111798,"BHTT_MBF251220251190377E",DA_KY_HOP_DONG,2026-05-01,2027-05-01,"Bát đầu sau Tháng 4 (Ngày: 2026-05-01)"
111799,"BHTT_MBF251220474100629F",DA_KY_HOP_DONG,2026-05-01,2027-05-01,"Bát đầu sau Tháng 4 (Ngày: 2026-05-01)"
111800,"BHTT_MBF25122039604697E1",DA_KY_HOP_DONG,2026-05-01,2027-05-01,"Bát đầu sau Tháng 4 (Ngày: 2026-05-01)"
111801,"BHTT_MBF250602125221720E",DA_KY_HOP_DONG,2026-05-01,2027-05-01,"Bát đầu sau Tháng 4 (Ngày: 2026-05-01)"
111802,"BHTT_MBF25122063884198A3",DA_KY_HOP_DONG,2026-05-01,2027-05-01,"Bát đầu sau Tháng 4 (Ngày: 2026-05-01)"
111803,"QRMBF246440/2026",DA_KY_HOP_DONG,2026-05-01,2027-05-01,"Bát đầu sau Tháng 4 (Ngày: 2026-05-01)"
111834,"00000010-ĐN",DA_KY_HOP_DONG,2026-03-01,2026-03-07,"Đã kết thúc trước hoặc trong Tháng 4 (Ngày kết thúc: 2026-03-07)"
111840,"23/2026/HD MOBIFONE CA/MAX232.DN",DA_KY_HOP_DONG,2026-03-01,2026-03-04,"Đã kết thúc trước hoặc trong Tháng 4 (Ngày kết thúc: 2026-03-04)"
111844,"22/2026/HD MOBIFONECA/HTWS.DN",DA_KY_HOP_DONG,2026-02-01,2026-02-04,"Đã kết thúc trước hoặc trong Tháng 4 (Ngày kết thúc: 2026-02-04)"
112231,"BHTT_MBF2509094485234181",DA_KY_HOP_DONG,2026-11-30,2027-11-30,"Bát đầu sau Tháng 4 (Ngày: 2026-11-30)"
112232,"BHTT_MBFY6625030306491",DA_KY_HOP_DONG,2026-11-30,2027-11-30,"Bát đầu sau Tháng 4 (Ngày: 2026-11-30)"
112233,"BHTT_MBF25030915933",DA_KY_HOP_DONG,2026-11-30,2027-11-30,"Bát đầu sau Tháng 4 (Ngày: 2026-11-30)"
112234,"BHTT_MBF25030814189",DA_KY_HOP_DONG,2026-11-30,2027-11-30,"Bát đầu sau Tháng 4 (Ngày: 2026-11-30)"
112235,"07/2026/MOBIFONE-MOBIFONE CA/MBF-DANANG",DA_KY_HOP_DONG,2026-11-30,2027-11-30,"Bát đầu sau Tháng 4 (Ngày: 2026-11-30)"
112236,"BHTT_MBF25032630024",DA_KY_HOP_DONG,2026-11-30,2027-11-30,"Bát đầu sau Tháng 4 (Ngày: 2026-11-30)"
112237,"BHTT_MBF25020800475",DA_KY_HOP_DONG,2026-10-31,2027-10-31,"Bát đầu sau Tháng 4 (Ngày: 2026-10-31)"
112238,"BHTT_MBFY6625030306482",DA_KY_HOP_DONG,2026-09-30,2027-09-30,"Bát đầu sau Tháng 4 (Ngày: 2026-09-30)"
112239,"01/1001/2026/HĐ-MOBIFONE1POS/TRANTHANH /MBF-DANANG",DA_KY_HOP_DONG,2026-09-30,2026-10-06,"Bát đầu sau Tháng 4 (Ngày: 2026-09-30)"
112240,"BHTT_MBFY6625030304327",DA_KY_HOP_DONG,2026-09-30,2027-09-30,"Bát đầu sau Tháng 4 (Ngày: 2026-09-30)"
112241,"06/2026/MOBIFONE-MOBIFONE CA/MBF-DANANG",DA_KY_HOP_DONG,2026-09-30,2026-10-06,"Bát đầu sau Tháng 4 (Ngày: 2026-09-30)"
112242,"BHTT_MBFY6625030306495",DA_KY_HOP_DONG,2026-09-30,2027-09-30,"Bát đầu sau Tháng 4 (Ngày: 2026-09-30)"
112243,"QRMBF229184/2026",DA_KY_HOP_DONG,2026-08-31,2027-08-31,"Bát đầu sau Tháng 4 (Ngày: 2026-08-31)"
112244,"QRMBF208621/2025",DA_KY_HOP_DONG,2026-08-31,2027-08-31,"Bát đầu sau Tháng 4 (Ngày: 2026-08-31)"
112245,"BHTT_MBF25030915192",DA_KY_HOP_DONG,2026-08-31,2027-08-31,"Bát đầu sau Tháng 4 (Ngày: 2026-08-31)"
112246,"QRMBF210416/2025",DA_KY_HOP_DONG,2026-08-31,2027-08-31,"Bát đầu sau Tháng 4 (Ngày: 2026-08-31)"
112247,"BHTT_MBF25020801679",DA_KY_HOP_DONG,2026-08-31,2027-08-31,"Bát đầu sau Tháng 4 (Ngày: 2026-08-31)"
112248,"05/2026/MOBIFONECA-MOBIFONE/VINATAS-ĐN",DA_KY_HOP_DONG,2026-08-31,2027-08-31,"Bát đầu sau Tháng 4 (Ngày: 2026-08-31)"
112249,"BHTT_MBF25030812795",DA_KY_HOP_DONG,2026-08-31,2027-08-31,"Bát đầu sau Tháng 4 (Ngày: 2026-08-31)"
112250,"01/2026/HĐ -MOBIFONE/COMBOCA/ĐN-HA",DA_KY_HOP_DONG,2026-08-31,2027-08-31,"Bát đầu sau Tháng 4 (Ngày: 2026-08-31)"
112251,"05/2026/MOBIFONE-MOBIFONE CA/MBF-DANANG",DA_KY_HOP_DONG,2026-08-31,2027-08-31,"Bát đầu sau Tháng 4 (Ngày: 2026-08-31)"
112252,"BHTT_MBF25030813592",DA_KY_HOP_DONG,2026-08-31,2027-08-31,"Bát đầu sau Tháng 4 (Ngày: 2026-08-31)"
112253,"03/2026/MOBIFONECA-MOBIFONE/THEVIET-ĐN",DA_KY_HOP_DONG,2026-08-31,2027-08-31,"Bát đầu sau Tháng 4 (Ngày: 2026-08-31)"
112254,"04/2026/MOBIFONECA-MOBIFONE/LADY-ĐN",DA_KY_HOP_DONG,2026-08-31,2027-08-31,"Bát đầu sau Tháng 4 (Ngày: 2026-08-31)"
112255,"BHTT_MBF25031200617",DA_KY_HOP_DONG,2026-07-31,2027-07-31,"Bát đầu sau Tháng 4 (Ngày: 2026-07-31)"
112256,"BHTT_MBFY6625030304333",DA_KY_HOP_DONG,2026-07-31,2027-07-31,"Bát đầu sau Tháng 4 (Ngày: 2026-07-31)"
112257,"04/2026/MOBIFONE-MOBIFONE CA/MBF-DANANG",DA_KY_HOP_DONG,2026-07-31,2027-07-31,"Bát đầu sau Tháng 4 (Ngày: 2026-07-31)"
112258,"BHTT_MBFY6625030304270",DA_KY_HOP_DONG,2026-07-31,2027-07-31,"Bát đầu sau Tháng 4 (Ngày: 2026-07-31)"
112259,"BHTT_MBF250602523263610F",DA_KY_HOP_DONG,2026-07-31,2027-07-31,"Bát đầu sau Tháng 4 (Ngày: 2026-07-31)"
112260,"BHTT_MBF25060251587951B9",DA_KY_HOP_DONG,2026-06-30,2027-06-30,"Bát đầu sau Tháng 4 (Ngày: 2026-06-30)"
112261,"BHTT_MBF25031201703",DA_KY_HOP_DONG,2026-06-30,2027-06-30,"Bát đầu sau Tháng 4 (Ngày: 2026-06-30)"
112262,"BHTT_MBF25032604438",DA_KY_HOP_DONG,2026-06-30,2027-06-30,"Bát đầu sau Tháng 4 (Ngày: 2026-06-30)"
112263,"281/2026/MOBIFONE-MOBIFONE CA/MBF-DANANG",DA_KY_HOP_DONG,2026-06-30,2029-06-30,"Bát đầu sau Tháng 4 (Ngày: 2026-06-30)"
112264,"BHTT_MBF25031201365",DA_KY_HOP_DONG,2026-05-31,2027-05-31,"Bát đầu sau Tháng 4 (Ngày: 2026-05-31)"
112265,"BHTT_MBFY6625030306442",DA_KY_HOP_DONG,2026-05-31,2027-05-31,"Bát đầu sau Tháng 4 (Ngày: 2026-05-31)"
112266,"BHTT_MBFY6625030306262",DA_KY_HOP_DONG,2026-05-31,2027-05-31,"Bát đầu sau Tháng 4 (Ngày: 2026-05-31)"
112267,"01/2026/MOBIFONE-MOBIFONE CA/MBF-DANANG",DA_KY_HOP_DONG,2026-05-31,2029-05-31,"Bát đầu sau Tháng 4 (Ngày: 2026-05-31)"
112268,"BHTT_MBFY6625030304316",DA_KY_HOP_DONG,2026-05-31,2027-05-31,"Bát đầu sau Tháng 4 (Ngày: 2026-05-31)"
112269,"BHTT_MBF2509098506409059",DA_KY_HOP_DONG,2026-05-31,2027-05-31,"Bát đầu sau Tháng 4 (Ngày: 2026-05-31)"
112270,"BHTT_MBF25032604482",DA_KY_HOP_DONG,2026-05-31,2027-05-31,"Bát đầu sau Tháng 4 (Ngày: 2026-05-31)"
112271,"BHTT_MBF25090955833374A9",DA_KY_HOP_DONG,2026-05-31,2027-05-31,"Bát đầu sau Tháng 4 (Ngày: 2026-05-31)"
112497,"BHTT_MBFY6625030306728",DA_KY_HOP_DONG,2025-04-11,2026-04-11,"Đã kết thúc trước hoặc trong Tháng 4 (Ngày kết thúc: 2026-04-11)"
112498,"BHTT_MBFY6625030306498",DA_KY_HOP_DONG,2025-04-11,2026-04-11,"Đã kết thúc trước hoặc trong Tháng 4 (Ngày kết thúc: 2026-04-11)"
112499,"BHTT_MBF25030802520",DA_KY_HOP_DONG,2025-04-11,2026-04-11,"Đã kết thúc trước hoặc trong Tháng 4 (Ngày kết thúc: 2026-04-11)"
112500,"BHTT_MBF250602908727773F",DA_KY_HOP_DONG,2025-04-11,2026-04-11,"Đã kết thúc trước hoặc trong Tháng 4 (Ngày kết thúc: 2026-04-11)"
112501,"267/2025/MOBIFONE-MOBIFONE CA/MBF-DANANG",DA_KY_HOP_DONG,2025-04-11,2026-04-11,"Đã kết thúc trước hoặc trong Tháng 4 (Ngày kết thúc: 2026-04-11)"
112502,"BHTT_MBF2509098939947620",DA_KY_HOP_DONG,2025-04-11,2026-04-11,"Đã kết thúc trước hoặc trong Tháng 4 (Ngày kết thúc: 2026-04-11)"
112503,"BHTT_MBFY6625030304271",DA_KY_HOP_DONG,2025-04-11,2026-04-11,"Đã kết thúc trước hoặc trong Tháng 4 (Ngày kết thúc: 2026-04-11)"
112504,"BHTT_MBF2506028693154216",DA_KY_HOP_DONG,2025-04-11,2026-04-11,"Đã kết thúc trước hoặc trong Tháng 4 (Ngày kết thúc: 2026-04-11)"
112505,"BHTT_MBF25030915017",DA_KY_HOP_DONG,2025-04-11,2026-04-11,"Đã kết thúc trước hoặc trong Tháng 4 (Ngày kết thúc: 2026-04-11)"
112506,"BHTT_MBFY6625030306733",DA_KY_HOP_DONG,2025-04-11,2026-04-11,"Đã kết thúc trước hoặc trong Tháng 4 (Ngày kết thúc: 2026-04-11)"
112507,"BHTT_MBF25030914931",DA_KY_HOP_DONG,2025-04-11,2026-04-11,"Đã kết thúc trước hoặc trong Tháng 4 (Ngày kết thúc: 2026-04-11)"
112509,"BHTT_MBFY6625030304429",DA_KY_HOP_DONG,2025-03-11,2026-03-11,"Đã kết thúc trước hoặc trong Tháng 4 (Ngày kết thúc: 2026-03-11)"
112510,"BHTT_MBF2506025305834574",DA_KY_HOP_DONG,2025-03-11,2026-03-11,"Đã kết thúc trước hoặc trong Tháng 4 (Ngày kết thúc: 2026-03-11)"
112511,"BHTT_MBF25060299214376B4",DA_KY_HOP_DONG,2025-03-11,2026-03-11,"Đã kết thúc trước hoặc trong Tháng 4 (Ngày kết thúc: 2026-03-11)"
112512,"BHTT_MBF25030915261",DA_KY_HOP_DONG,2025-03-11,2026-03-11,"Đã kết thúc trước hoặc trong Tháng 4 (Ngày kết thúc: 2026-03-11)"
112513,"BHTT_MBF25020801574",DA_KY_HOP_DONG,2025-02-11,2026-02-11,"Đã kết thúc trước hoặc trong Tháng 4 (Ngày kết thúc: 2026-02-11)"
112514,"BHTT_MBF250602371304963F",DA_KY_HOP_DONG,2025-02-11,2026-02-11,"Đã kết thúc trước hoặc trong Tháng 4 (Ngày kết thúc: 2026-02-11)"
112515,"BHTT_MBF25030914229",DA_KY_HOP_DONG,2025-02-11,2026-02-11,"Đã kết thúc trước hoặc trong Tháng 4 (Ngày kết thúc: 2026-02-11)"
112516,"BHTT_MBF25090967791157DA",DA_KY_HOP_DONG,2025-02-11,2026-02-11,"Đã kết thúc trước hoặc trong Tháng 4 (Ngày kết thúc: 2026-02-11)"
112517,"BHTT_MBFY6625030306722",DA_KY_HOP_DONG,2025-02-11,2026-02-11,"Đã kết thúc trước hoặc trong Tháng 4 (Ngày kết thúc: 2026-02-11)"
112518,"BHTT_MBF25030913989",DA_KY_HOP_DONG,2025-02-11,2026-02-11,"Đã kết thúc trước hoặc trong Tháng 4 (Ngày kết thúc: 2026-02-11)"
112519,"BHTT_MBF25060260866682E2",DA_KY_HOP_DONG,2025-02-11,2026-02-11,"Đã kết thúc trước hoặc trong Tháng 4 (Ngày kết thúc: 2026-02-11)"
112520,"BHTT_MBF2509094054687813",DA_KY_HOP_DONG,2025-02-11,2026-02-11,"Đã kết thúc trước hoặc trong Tháng 4 (Ngày kết thúc: 2026-02-11)"
112521,"BHTT_MBF25030915473",DA_KY_HOP_DONG,2025-01-11,2026-01-11,"Đã kết thúc trước hoặc trong Tháng 4 (Ngày kết thúc: 2026-01-11)"
112522,"BHTT_MBF25030932406",DA_KY_HOP_DONG,2025-01-11,2026-01-11,"Đã kết thúc trước hoặc trong Tháng 4 (Ngày kết thúc: 2026-01-11)"
112523,"BHTT_MBFY6625030306472",DA_KY_HOP_DONG,2025-01-11,2026-01-11,"Đã kết thúc trước hoặc trong Tháng 4 (Ngày kết thúc: 2026-01-11)"
112524,"BHTT_MBFY6625030306721",DA_KY_HOP_DONG,2025-01-11,2026-01-11,"Đã kết thúc trước hoặc trong Tháng 4 (Ngày kết thúc: 2026-01-11)"
112525,"BHTT_MBF25030915697",DA_KY_HOP_DONG,2025-01-11,2026-01-11,"Đã kết thúc trước hoặc trong Tháng 4 (Ngày kết thúc: 2026-01-11)"
113820,"BHTT_MBF25030915701",DA_KY_HOP_DONG,2025-04-10,2026-04-10,"Đã kết thúc trước hoặc trong Tháng 4 (Ngày kết thúc: 2026-04-10)"
113821,"QRMBF194812/2025",DA_KY_HOP_DONG,2025-04-10,2026-04-10,"Đã kết thúc trước hoặc trong Tháng 4 (Ngày kết thúc: 2026-04-10)"
113822,"BHTT_MBF2506027700185704",DA_KY_HOP_DONG,2025-04-10,2026-04-10,"Đã kết thúc trước hoặc trong Tháng 4 (Ngày kết thúc: 2026-04-10)"
113823,"QRMBF192363/2025",DA_KY_HOP_DONG,2025-04-10,2026-04-10,"Đã kết thúc trước hoặc trong Tháng 4 (Ngày kết thúc: 2026-04-10)"
113824,"BHTT_MBF25030914927",DA_KY_HOP_DONG,2025-04-10,2026-04-10,"Đã kết thúc trước hoặc trong Tháng 4 (Ngày kết thúc: 2026-04-10)"
113825,"BHTT_MBF25030915022",DA_KY_HOP_DONG,2025-04-10,2026-04-10,"Đã kết thúc trước hoặc trong Tháng 4 (Ngày kết thúc: 2026-04-10)"
113826,"BHTT_MBF25030802077",DA_KY_HOP_DONG,2025-03-10,2026-03-10,"Đã kết thúc trước hoặc trong Tháng 4 (Ngày kết thúc: 2026-03-10)"
113827,"QRMBF158332/2025",DA_KY_HOP_DONG,2025-03-10,2026-03-10,"Đã kết thúc trước hoặc trong Tháng 4 (Ngày kết thúc: 2026-03-10)"
113828,"QRMBF149804/2025",DA_KY_HOP_DONG,2025-03-10,2026-03-10,"Đã kết thúc trước hoặc trong Tháng 4 (Ngày kết thúc: 2026-03-10)"
113829,"QRMBF157494/2025",DA_KY_HOP_DONG,2025-03-10,2026-03-10,"Đã kết thúc trước hoặc trong Tháng 4 (Ngày kết thúc: 2026-03-10)"
113831,"BHTT_MBF25022802761",DA_KY_HOP_DONG,2025-03-10,2026-03-10,"Đã kết thúc trước hoặc trong Tháng 4 (Ngày kết thúc: 2026-03-10)"
113832,"QRMBF173100/2025",DA_KY_HOP_DONG,2025-03-10,2026-03-10,"Đã kết thúc trước hoặc trong Tháng 4 (Ngày kết thúc: 2026-03-10)"
113833,"AFFILIATE-82402/9-2025/QR_SOUND/MPLUS-000J50/TT",DA_KY_HOP_DONG,2025-03-10,2026-03-10,"Đã kết thúc trước hoặc trong Tháng 4 (Ngày kết thúc: 2026-03-10)"
113834,"QRMBF78213/2025",DA_KY_HOP_DONG,2025-03-10,2026-03-10,"Đã kết thúc trước hoặc trong Tháng 4 (Ngày kết thúc: 2026-03-10)"
113835,"BHTT_MBF25030803546",DA_KY_HOP_DONG,2025-03-10,2026-03-10,"Đã kết thúc trước hoặc trong Tháng 4 (Ngày kết thúc: 2026-03-10)"
113836,"BHTT_MBF25032627537",DA_KY_HOP_DONG,2025-03-10,2026-03-10,"Đã kết thúc trước hoặc trong Tháng 4 (Ngày kết thúc: 2026-03-10)"
113837,"BHTT_MBF2506026066660964",DA_KY_HOP_DONG,2025-02-10,2026-02-10,"Đã kết thúc trước hoặc trong Tháng 4 (Ngày kết thúc: 2026-02-10)"
114108,"BHTT_MBF25031202434",DA_KY_HOP_DONG,2025-04-09,2026-04-09,"Đã kết thúc trước hoặc trong Tháng 4 (Ngày kết thúc: 2026-04-09)"
114109,"BHTT_MBF25032604378",DA_KY_HOP_DONG,2025-04-09,2026-04-09,"Đã kết thúc trước hoặc trong Tháng 4 (Ngày kết thúc: 2026-04-09)"
114110,"BHTT_MBF25030814156",DA_KY_HOP_DONG,2025-03-09,2026-03-09,"Đã kết thúc trước hoặc trong Tháng 4 (Ngày kết thúc: 2026-03-09)"
114111,"BHTT_MBF25032602675",DA_KY_HOP_DONG,2025-03-09,2026-03-09,"Đã kết thúc trước hoặc trong Tháng 4 (Ngày kết thúc: 2026-03-09)"
114112,"BHTT_MBF25030914936",DA_KY_HOP_DONG,2025-03-09,2026-03-09,"Đã kết thúc trước hoặc trong Tháng 4 (Ngày kết thúc: 2026-03-09)"
114113,"BHTT_MBF25030803553",DA_KY_HOP_DONG,2025-03-09,2026-03-09,"Đã kết thúc trước hoặc trong Tháng 4 (Ngày kết thúc: 2026-03-09)"
114114,"BHTT_MBF25032602957",DA_KY_HOP_DONG,2025-03-09,2026-03-09,"Đã kết thúc trước hoặc trong Tháng 4 (Ngày kết thúc: 2026-03-09)"
114115,"BHTT_MBF25030915190",DA_KY_HOP_DONG,2025-03-09,2026-03-09,"Đã kết thúc trước hoặc trong Tháng 4 (Ngày kết thúc: 2026-03-09)"
114116,"BHTT_MBF25030915477",DA_KY_HOP_DONG,2025-03-09,2026-03-09,"Đã kết thúc trước hoặc trong Tháng 4 (Ngày kết thúc: 2026-03-09)"
114117,"BHTT_MBF25030915195",DA_KY_HOP_DONG,2025-03-09,2026-03-09,"Đã kết thúc trước hoặc trong Tháng 4 (Ngày kết thúc: 2026-03-09)"
114118,"BHTT_MBF25032603414",DA_KY_HOP_DONG,2025-03-09,2026-03-09,"Đã kết thúc trước hoặc trong Tháng 4 (Ngày kết thúc: 2026-03-09)"
114119,"BHTT_MBF25030803658",DA_KY_HOP_DONG,2025-02-09,2026-02-09,"Đã kết thúc trước hoặc trong Tháng 4 (Ngày kết thúc: 2026-02-09)"
114120,"BHTT_MBF25030915794",DA_KY_HOP_DONG,2025-02-09,2026-02-09,"Đã kết thúc trước hoặc trong Tháng 4 (Ngày kết thúc: 2026-02-09)"
114121,"BHTT_MBF25031201701",DA_KY_HOP_DONG,2025-02-09,2026-02-09,"Đã kết thúc trước hoặc trong Tháng 4 (Ngày kết thúc: 2026-02-09)"
114122,"BHTT_MBF25030915483",DA_KY_HOP_DONG,2025-02-09,2026-02-09,"Đã kết thúc trước hoặc trong Tháng 4 (Ngày kết thúc: 2026-02-09)"
114123,"BHTT_MBF25030915485",DA_KY_HOP_DONG,2025-01-09,2026-01-09,"Đã kết thúc trước hoặc trong Tháng 4 (Ngày kết thúc: 2026-01-09)"
114124,"BHTT_MBF25030932354",DA_KY_HOP_DONG,2025-01-09,2026-01-09,"Đã kết thúc trước hoặc trong Tháng 4 (Ngày kết thúc: 2026-01-09)"
114125,"BHTT_MBF25032630299",DA_KY_HOP_DONG,2025-01-09,2026-01-09,"Đã kết thúc trước hoặc trong Tháng 4 (Ngày kết thúc: 2026-01-09)"
114126,"BHTT_MBF25030915840",DA_KY_HOP_DONG,2025-01-09,2026-01-09,"Đã kết thúc trước hoặc trong Tháng 4 (Ngày kết thúc: 2026-01-09)"
114127,"BHTT_MBF25030814487",DA_KY_HOP_DONG,2025-01-09,2026-01-09,"Đã kết thúc trước hoặc trong Tháng 4 (Ngày kết thúc: 2026-01-09)"
114128,"BHTT_MBF25030814194",DA_KY_HOP_DONG,2025-01-09,2026-01-09,"Đã kết thúc trước hoặc trong Tháng 4 (Ngày kết thúc: 2026-01-09)"
114129,"BHTT_MBF25030915730",DA_KY_HOP_DONG,2025-01-09,2026-01-09,"Đã kết thúc trước hoặc trong Tháng 4 (Ngày kết thúc: 2026-01-09)"
114130,"BHTT_MBF25030913993",DA_KY_HOP_DONG,2025-01-09,2026-01-09,"Đã kết thúc trước hoặc trong Tháng 4 (Ngày kết thúc: 2026-01-09)"
114463,"BHTT_MBF25032627424",DA_KY_HOP_DONG,2025-04-08,2026-04-08,"Đã kết thúc trước hoặc trong Tháng 4 (Ngày kết thúc: 2026-04-08)"
114464,"BHTT_MBF25032601454",DA_KY_HOP_DONG,2025-04-08,2026-04-08,"Đã kết thúc trước hoặc trong Tháng 4 (Ngày kết thúc: 2026-04-08)"
114465,"BHTT_MBF25032601468",DA_KY_HOP_DONG,2025-04-08,2026-04-08,"Đã kết thúc trước hoặc trong Tháng 4 (Ngày kết thúc: 2026-04-08)"
114466,"AFFILIATE-49237/8-2025/QR_SOUND/MPLUS-000AFU/DTH",DA_KY_HOP_DONG,2025-04-08,2026-04-08,"Đã kết thúc trước hoặc trong Tháng 4 (Ngày kết thúc: 2026-04-08)"
114467,"AFFILIATE-58805/8-2025/QR_SOUND/MPLUS-000D3C/TTMP",DA_KY_HOP_DONG,2025-04-08,2026-04-08,"Đã kết thúc trước hoặc trong Tháng 4 (Ngày kết thúc: 2026-04-08)"
114468,"AFFILIATE-70832/8-2025/QR_SOUND/MPLUS-000G6U/NPD",DA_KY_HOP_DONG,2025-04-08,2026-04-08,"Đã kết thúc trước hoặc trong Tháng 4 (Ngày kết thúc: 2026-04-08)"
114470,"BHTT_MBF25032620166",DA_KY_HOP_DONG,2025-04-08,2026-04-08,"Đã kết thúc trước hoặc trong Tháng 4 (Ngày kết thúc: 2026-04-08)"
114471,"BHTT_MBF25032603423",DA_KY_HOP_DONG,2025-04-08,2026-04-08,"Đã kết thúc trước hoặc trong Tháng 4 (Ngày kết thúc: 2026-04-08)"
114472,"BHTT_MBF25030814516",DA_KY_HOP_DONG,2025-03-08,2026-03-08,"Đã kết thúc trước hoặc trong Tháng 4 (Ngày kết thúc: 2026-03-08)"
114473,"BHTT_MBF25032602428",DA_KY_HOP_DONG,2025-03-08,2026-03-08,"Đã kết thúc trước hoặc trong Tháng 4 (Ngày kết thúc: 2026-03-08)"
114474,"BHTT_MBF25032630015",DA_KY_HOP_DONG,2025-03-08,2026-03-08,"Đã kết thúc trước hoặc trong Tháng 4 (Ngày kết thúc: 2026-03-08)"
114475,"BHTT_MBF25032600705",DA_KY_HOP_DONG,2025-03-08,2026-03-08,"Đã kết thúc trước hoặc trong Tháng 4 (Ngày kết thúc: 2026-03-08)"
114476,"BHTT_MBF25032601488",DA_KY_HOP_DONG,2025-03-08,2026-03-08,"Đã kết thúc trước hoặc trong Tháng 4 (Ngày kết thúc: 2026-03-08)"
114477,"BHTT_MBF25032601459",DA_KY_HOP_DONG,2025-03-08,2026-03-08,"Đã kết thúc trước hoặc trong Tháng 4 (Ngày kết thúc: 2026-03-08)"
114478,"BHTT_MBF25032600610",DA_KY_HOP_DONG,2025-03-08,2026-03-08,"Đã kết thúc trước hoặc trong Tháng 4 (Ngày kết thúc: 2026-03-08)"
114479,"BHTT_MBF25032600603",DA_KY_HOP_DONG,2025-03-08,2026-03-08,"Đã kết thúc trước hoặc trong Tháng 4 (Ngày kết thúc: 2026-03-08)"
114480,"BHTT_MBF25032601207",DA_KY_HOP_DONG,2025-03-08,2026-03-08,"Đã kết thúc trước hoặc trong Tháng 4 (Ngày kết thúc: 2026-03-08)"
114481,"BHTT_MBF25032601475",DA_KY_HOP_DONG,2025-03-08,2026-03-08,"Đã kết thúc trước hoặc trong Tháng 4 (Ngày kết thúc: 2026-03-08)"
114482,"BHTT_MBF25032601377",DA_KY_HOP_DONG,2025-03-08,2026-03-08,"Đã kết thúc trước hoặc trong Tháng 4 (Ngày kết thúc: 2026-03-08)"
114483,"BHTT_MBF25032601564",DA_KY_HOP_DONG,2025-03-08,2026-03-08,"Đã kết thúc trước hoặc trong Tháng 4 (Ngày kết thúc: 2026-03-08)"
114484,"BHTT_MBF25032600710",DA_KY_HOP_DONG,2025-03-08,2026-03-08,"Đã kết thúc trước hoặc trong Tháng 4 (Ngày kết thúc: 2026-03-08)"
114485,"BHTT_MBF25032601489",DA_KY_HOP_DONG,2025-03-08,2026-03-08,"Đã kết thúc trước hoặc trong Tháng 4 (Ngày kết thúc: 2026-03-08)"
114486,"42/2024/HD/CAM",DA_KY_HOP_DONG,2025-03-08,2026-03-08,"Đã kết thúc trước hoặc trong Tháng 4 (Ngày kết thúc: 2026-03-08)"
114487,"BHTT_MBF25032601206",DA_KY_HOP_DONG,2025-03-08,2026-03-08,"Đã kết thúc trước hoặc trong Tháng 4 (Ngày kết thúc: 2026-03-08)"
114488,"BHTT_MBF25020800179",DA_KY_HOP_DONG,2025-03-08,2026-03-08,"Đã kết thúc trước hoặc trong Tháng 4 (Ngày kết thúc: 2026-03-08)"
114490,"BHTT_MBF25030814195",DA_KY_HOP_DONG,2025-02-08,2026-02-08,"Đã kết thúc trước hoặc trong Tháng 4 (Ngày kết thúc: 2026-02-08)"
114491,"BHTT_MBF25032627460",DA_KY_HOP_DONG,2025-01-08,2026-01-08,"Đã kết thúc trước hoặc trong Tháng 4 (Ngày kết thúc: 2026-01-08)"
114492,"BHTT_MBF25030925952",DA_KY_HOP_DONG,2025-01-08,2026-01-08,"Đã kết thúc trước hoặc trong Tháng 4 (Ngày kết thúc: 2026-01-08)"
115006,"59/2025/MOBIFONE CA/DN1 - LEVANOAI",DA_KY_HOP_DONG,2025-04-07,2026-04-07,"Đã kết thúc trước hoặc trong Tháng 4 (Ngày kết thúc: 2026-04-07)"
115008,"BHTT_MBF25032627244",DA_KY_HOP_DONG,2025-04-07,2026-04-07,"Đã kết thúc trước hoặc trong Tháng 4 (Ngày kết thúc: 2026-04-07)"
115009,"BHTT_MBF25030814720",DA_KY_HOP_DONG,2025-04-07,2026-04-07,"Đã kết thúc trước hoặc trong Tháng 4 (Ngày kết thúc: 2026-04-07)"
115010,"BHTT_MBF25030804457",DA_KY_HOP_DONG,2025-04-07,2026-04-07,"Đã kết thúc trước hoặc trong Tháng 4 (Ngày kết thúc: 2026-04-07)"
115011,"BHTT_MBF25030932342",DA_KY_HOP_DONG,2025-04-07,2026-04-07,"Đã kết thúc trước hoặc trong Tháng 4 (Ngày kết thúc: 2026-04-07)"
115012,"BHTT_MBF25032618438",DA_KY_HOP_DONG,2025-04-07,2026-04-07,"Đã kết thúc trước hoặc trong Tháng 4 (Ngày kết thúc: 2026-04-07)"
115492,"BHTT_MBF25030804894",DA_KY_HOP_DONG,2025-04-06,2026-04-06,"Đã kết thúc trước hoặc trong Tháng 4 (Ngày kết thúc: 2026-04-06)"
115013,"BHTT_MBF25032627477",DA_KY_HOP_DONG,2025-04-07,2026-04-07,"Đã kết thúc trước hoặc trong Tháng 4 (Ngày kết thúc: 2026-04-07)"
115014,"BHTT_MBF25032627408",DA_KY_HOP_DONG,2025-02-07,2026-02-07,"Đã kết thúc trước hoặc trong Tháng 4 (Ngày kết thúc: 2026-02-07)"
115015,"BHTT_MBF25032630278",DA_KY_HOP_DONG,2025-02-07,2026-02-07,"Đã kết thúc trước hoặc trong Tháng 4 (Ngày kết thúc: 2026-02-07)"
115016,"BHTT_MBF25032602644",DA_KY_HOP_DONG,2025-02-07,2026-02-07,"Đã kết thúc trước hoặc trong Tháng 4 (Ngày kết thúc: 2026-02-07)"
115019,"BHTT_MBF25032603420",DA_KY_HOP_DONG,2025-01-07,2026-01-07,"Đã kết thúc trước hoặc trong Tháng 4 (Ngày kết thúc: 2026-01-07)"
115020,"BHTT_MBF25032602405",DA_KY_HOP_DONG,2025-01-07,2026-01-07,"Đã kết thúc trước hoặc trong Tháng 4 (Ngày kết thúc: 2026-01-07)"
115021,"BHTT_MBF25030812616",DA_KY_HOP_DONG,2025-01-07,2026-01-07,"Đã kết thúc trước hoặc trong Tháng 4 (Ngày kết thúc: 2026-01-07)"
115022,"BHTT_MBF25030814559",DA_KY_HOP_DONG,2025-01-07,2026-01-07,"Đã kết thúc trước hoặc trong Tháng 4 (Ngày kết thúc: 2026-01-07)"
115023,"BHTT_MBF25030814479",DA_KY_HOP_DONG,2025-01-07,2026-01-07,"Đã kết thúc trước hoặc trong Tháng 4 (Ngày kết thúc: 2026-01-07)"
115024,"BHTT_MBF25030814570",DA_KY_HOP_DONG,2025-01-07,2026-01-07,"Đã kết thúc trước hoặc trong Tháng 4 (Ngày kết thúc: 2026-01-07)"
115025,"BHTT_MBF25030814750",DA_KY_HOP_DONG,2025-01-07,2026-01-07,"Đã kết thúc trước hoặc trong Tháng 4 (Ngày kết thúc: 2026-01-07)"
115026,"AFFILIATE-38635/7-2025/QR_SOUND/MPLUS-0007QI/LTP",DA_KY_HOP_DONG,2025-01-07,2026-01-07,"Đã kết thúc trước hoặc trong Tháng 4 (Ngày kết thúc: 2026-01-07)"
115027,"AFFILIATE-39928/7-2025/QR_SOUND/MPLUS-000839/NLK",DA_KY_HOP_DONG,2025-01-07,2026-01-07,"Đã kết thúc trước hoặc trong Tháng 4 (Ngày kết thúc: 2026-01-07)"
115028,"AFFILIATE-14540/7-2025/QR_SOUND/MPLUS-00016L/PHQN",DA_KY_HOP_DONG,2025-01-07,2026-01-07,"Đã kết thúc trước hoặc trong Tháng 4 (Ngày kết thúc: 2026-01-07)"
115029,"AFFILIATE-39777/7-2025/QR_SOUND/MPLUS-00081X/VTBA",DA_KY_HOP_DONG,2025-01-07,2026-01-07,"Đã kết thúc trước hoặc trong Tháng 4 (Ngày kết thúc: 2026-01-07)"
115030,"AFFILIATE-39982/7-2025/QR_SOUND/MPLUS-00083R/NTQV",DA_KY_HOP_DONG,2025-01-07,2026-01-07,"Đã kết thúc trước hoặc trong Tháng 4 (Ngày kết thúc: 2026-01-07)"
115031,"AFFILIATE-38606/7-2025/QR_SOUND/MPLUS-0007Q9/TBD",DA_KY_HOP_DONG,2025-01-07,2026-01-07,"Đã kết thúc trước hoặc trong Tháng 4 (Ngày kết thúc: 2026-01-07)"
115032,"AFFILIATE-19641/7-2025/QR_SOUND/MPLUS-0002JX/HBPQ",DA_KY_HOP_DONG,2025-01-07,2026-01-07,"Đã kết thúc trước hoặc trong Tháng 4 (Ngày kết thúc: 2026-01-07)"
115033,"BHTT_MBF25032602401",DA_KY_HOP_DONG,2025-01-07,2026-01-07,"Đã kết thúc trước hoặc trong Tháng 4 (Ngày kết thúc: 2026-01-07)"
115034,"BHTT_MBF25032603251",DA_KY_HOP_DONG,2025-01-07,2026-01-07,"Đã kết thúc trước hoặc trong Tháng 4 (Ngày kết thúc: 2026-01-07)"
115491,"90/2025/MOBIFONE-MOBIFONE CA/ MBF-QUANGNAM",DA_KY_HOP_DONG,2025-04-06,2026-04-06,"Đã kết thúc trước hoặc trong Tháng 4 (Ngày kết thúc: 2026-04-06)"
115493,"BHTT_MBF25030808514",DA_KY_HOP_DONG,2025-04-06,2026-04-06,"Đã kết thúc trước hoặc trong Tháng 4 (Ngày kết thúc: 2026-04-06)"
115494,"BHTT_MBF25032618405",DA_KY_HOP_DONG,2025-04-06,2026-04-06,"Đã kết thúc trước hoặc trong Tháng 4 (Ngày kết thúc: 2026-04-06)"
115495,"BHTT_MBF25032618414",DA_KY_HOP_DONG,2025-04-06,2026-04-06,"Đã kết thúc trước hoặc trong Tháng 4 (Ngày kết thúc: 2026-04-06)"
115496,"BHTT_MBF25030804879",DA_KY_HOP_DONG,2025-04-06,2026-04-06,"Đã kết thúc trước hoặc trong Tháng 4 (Ngày kết thúc: 2026-04-06)"
115497,"BHTT_MBF25032618410",DA_KY_HOP_DONG,2025-04-06,2026-04-06,"Đã kết thúc trước hoặc trong Tháng 4 (Ngày kết thúc: 2026-04-06)"
115498,"BHTT_MBF25030804910",DA_KY_HOP_DONG,2025-04-06,2026-04-06,"Đã kết thúc trước hoặc trong Tháng 4 (Ngày kết thúc: 2026-04-06)"
115500,"04/2025/HĐ-MOBIFONE MEETING/MBF-CĐPĐ",DA_KY_HOP_DONG,2025-03-06,2026-03-06,"Đã kết thúc trước hoặc trong Tháng 4 (Ngày kết thúc: 2026-03-06)"
115502,"BHTT_MBF25032619265",DA_KY_HOP_DONG,2025-03-06,2026-03-06,"Đã kết thúc trước hoặc trong Tháng 4 (Ngày kết thúc: 2026-03-06)"
115503,"BHTT_MBF25030804308",DA_KY_HOP_DONG,2025-03-06,2026-03-06,"Đã kết thúc trước hoặc trong Tháng 4 (Ngày kết thúc: 2026-03-06)"
115504,"BHTT_MBF25032618420",DA_KY_HOP_DONG,2025-03-06,2026-03-06,"Đã kết thúc trước hoặc trong Tháng 4 (Ngày kết thúc: 2026-03-06)"
115505,"BHTT_MBF25032619488",DA_KY_HOP_DONG,2025-03-06,2026-03-06,"Đã kết thúc trước hoặc trong Tháng 4 (Ngày kết thúc: 2026-03-06)"
115506,"181/2025/MOBIFONE CA/MBF-QUANGNAM",DA_KY_HOP_DONG,2025-02-06,2026-02-06,"Đã kết thúc trước hoặc trong Tháng 4 (Ngày kết thúc: 2026-02-06)"
115509,"BHTT_MBF25030803164",DA_KY_HOP_DONG,2025-02-06,2026-02-06,"Đã kết thúc trước hoặc trong Tháng 4 (Ngày kết thúc: 2026-02-06)"
115510,"BHTT_MBF25030808683",DA_KY_HOP_DONG,2025-02-06,2026-02-06,"Đã kết thúc trước hoặc trong Tháng 4 (Ngày kết thúc: 2026-02-06)"
115511,"BHTT_MBF25032619316",DA_KY_HOP_DONG,2025-02-06,2026-02-06,"Đã kết thúc trước hoặc trong Tháng 4 (Ngày kết thúc: 2026-02-06)"
115512,"BHTT_MBF25032619214",DA_KY_HOP_DONG,2025-02-06,2026-02-06,"Đã kết thúc trước hoặc trong Tháng 4 (Ngày kết thúc: 2026-02-06)"
115513,"BHTT_MBF25032619304",DA_KY_HOP_DONG,2025-02-06,2026-02-06,"Đã kết thúc trước hoặc trong Tháng 4 (Ngày kết thúc: 2026-02-06)"
115514,"BHTT_MBF25020801562",DA_KY_HOP_DONG,2025-02-06,2026-02-06,"Đã kết thúc trước hoặc trong Tháng 4 (Ngày kết thúc: 2026-02-06)"
115515,"BHTT_MBF25030808671",DA_KY_HOP_DONG,2025-02-06,2026-02-06,"Đã kết thúc trước hoặc trong Tháng 4 (Ngày kết thúc: 2026-02-06)"
115516,"BHTT_MBF25030804748",DA_KY_HOP_DONG,2025-02-06,2026-02-06,"Đã kết thúc trước hoặc trong Tháng 4 (Ngày kết thúc: 2026-02-06)"
115517,"BHTT_MBF25032619306",DA_KY_HOP_DONG,2025-02-06,2026-02-06,"Đã kết thúc trước hoặc trong Tháng 4 (Ngày kết thúc: 2026-02-06)"
115518,"57830-54010114702BAA1426C42EE70DD8BBF5",DA_KY_HOP_DONG,2025-01-06,2026-01-06,"Đã kết thúc trước hoặc trong Tháng 4 (Ngày kết thúc: 2026-01-06)"
115519,"BHTT_MBF25030932348",DA_KY_HOP_DONG,2025-01-06,2026-01-06,"Đã kết thúc trước hoặc trong Tháng 4 (Ngày kết thúc: 2026-01-06)"
115520,"BHTT_MBF25032603055",DA_KY_HOP_DONG,2025-01-06,2026-01-06,"Đã kết thúc trước hoặc trong Tháng 4 (Ngày kết thúc: 2026-01-06)"
115521,"BHTT_MBF25030929772",DA_KY_HOP_DONG,2025-01-06,2026-01-06,"Đã kết thúc trước hoặc trong Tháng 4 (Ngày kết thúc: 2026-01-06)"
115522,"BHTT_MBF25030803614",DA_KY_HOP_DONG,2025-01-06,2026-01-06,"Đã kết thúc trước hoặc trong Tháng 4 (Ngày kết thúc: 2026-01-06)"
115523,"BHTT_MBF25030804829",DA_KY_HOP_DONG,2025-01-06,2026-01-06,"Đã kết thúc trước hoặc trong Tháng 4 (Ngày kết thúc: 2026-01-06)"
115524,"BHTT_MBF25032619019",DA_KY_HOP_DONG,2025-01-06,2026-01-06,"Đã kết thúc trước hoặc trong Tháng 4 (Ngày kết thúc: 2026-01-06)"
116131,"02/2025/HSM/MOBIFONE CA-MOBIFONE/MBF-QUANGNAM",DA_KY_HOP_DONG,2025-04-05,2026-04-05,"Đã kết thúc trước hoặc trong Tháng 4 (Ngày kết thúc: 2026-04-05)"
116133,"BHTT_MBF25030802907",DA_KY_HOP_DONG,2025-04-05,2026-04-05,"Đã kết thúc trước hoặc trong Tháng 4 (Ngày kết thúc: 2026-04-05)"
116134,"BHTT_MBF25030808516",DA_KY_HOP_DONG,2025-04-05,2026-04-05,"Đã kết thúc trước hoặc trong Tháng 4 (Ngày kết thúc: 2026-04-05)"
116135,"BHTT_MBF25030802215",DA_KY_HOP_DONG,2025-04-05,2026-04-05,"Đã kết thúc trước hoặc trong Tháng 4 (Ngày kết thúc: 2026-04-05)"
116136,"BHTT_MBF25030932267",DA_KY_HOP_DONG,2025-04-05,2026-04-05,"Đã kết thúc trước hoặc trong Tháng 4 (Ngày kết thúc: 2026-04-05)"
116137,"BHTT_MBF25030803460",DA_KY_HOP_DONG,2025-04-05,2026-04-05,"Đã kết thúc trước hoặc trong Tháng 4 (Ngày kết thúc: 2026-04-05)"
116138,"BHTT_MBF25030931922",DA_KY_HOP_DONG,2025-04-05,2026-04-05,"Đã kết thúc trước hoặc trong Tháng 4 (Ngày kết thúc: 2026-04-05)"
116139,"BHTT_MBF25030931928",DA_KY_HOP_DONG,2025-04-05,2026-04-05,"Đã kết thúc trước hoặc trong Tháng 4 (Ngày kết thúc: 2026-04-05)"
116140,"BHTT_MBF25030931929",DA_KY_HOP_DONG,2025-04-05,2026-04-05,"Đã kết thúc trước hoặc trong Tháng 4 (Ngày kết thúc: 2026-04-05)"
116141,"BHTT_MBF25030931931",DA_KY_HOP_DONG,2025-04-05,2026-04-05,"Đã kết thúc trước hoặc trong Tháng 4 (Ngày kết thúc: 2026-04-05)"
116142,"BHTT_MBF25030931932",DA_KY_HOP_DONG,2025-04-05,2026-04-05,"Đã kết thúc trước hoặc trong Tháng 4 (Ngày kết thúc: 2026-04-05)"
116143,"BHTT_MBF25030931947",DA_KY_HOP_DONG,2025-04-05,2026-04-05,"Đã kết thúc trước hoặc trong Tháng 4 (Ngày kết thúc: 2026-04-05)"
116144,"BHTT_MBF25030931997",DA_KY_HOP_DONG,2025-04-05,2026-04-05,"Đã kết thúc trước hoặc trong Tháng 4 (Ngày kết thúc: 2026-04-05)"
116145,"BHTT_MBF25030931941",DA_KY_HOP_DONG,2025-04-05,2026-04-05,"Đã kết thúc trước hoặc trong Tháng 4 (Ngày kết thúc: 2026-04-05)"
116146,"BHTT_MBF25030808054",DA_KY_HOP_DONG,2025-04-05,2026-04-05,"Đã kết thúc trước hoặc trong Tháng 4 (Ngày kết thúc: 2026-04-05)"
116147,"BHTT_MBF25030931943",DA_KY_HOP_DONG,2025-04-05,2026-04-05,"Đã kết thúc trước hoặc trong Tháng 4 (Ngày kết thúc: 2026-04-05)"
116148,"BHTT_MBF25030931806",DA_KY_HOP_DONG,2025-04-05,2026-04-05,"Đã kết thúc trước hoặc trong Tháng 4 (Ngày kết thúc: 2026-04-05)"
116149,"BHTT_MBF25030931872",DA_KY_HOP_DONG,2025-04-05,2026-04-05,"Đã kết thúc trước hoặc trong Tháng 4 (Ngày kết thúc: 2026-04-05)"
116150,"BHTT_MBF25030803664",DA_KY_HOP_DONG,2025-04-05,2026-04-05,"Đã kết thúc trước hoặc trong Tháng 4 (Ngày kết thúc: 2026-04-05)"
116151,"BHTT_MBF25030802131",DA_KY_HOP_DONG,2025-04-05,2026-04-05,"Đã kết thúc trước hoặc trong Tháng 4 (Ngày kết thúc: 2026-04-05)"
116152,"BHTT_MBF25030802448",DA_KY_HOP_DONG,2025-04-05,2026-04-05,"Đã kết thúc trước hoặc trong Tháng 4 (Ngày kết thúc: 2026-04-05)"
116153,"BHTT_MBF25030804819",DA_KY_HOP_DONG,2025-04-05,2026-04-05,"Đã kết thúc trước hoặc trong Tháng 4 (Ngày kết thúc: 2026-04-05)"
116154,"BHTT_MBF25030802163",DA_KY_HOP_DONG,2025-04-05,2026-04-05,"Đã kết thúc trước hoặc trong Tháng 4 (Ngày kết thúc: 2026-04-05)"
116155,"BHTT_MBF25030806084",DA_KY_HOP_DONG,2025-04-05,2026-04-05,"Đã kết thúc trước hoặc trong Tháng 4 (Ngày kết thúc: 2026-04-05)"
116156,"BHTT_MBF25030932103",DA_KY_HOP_DONG,2025-04-05,2026-04-05,"Đã kết thúc trước hoặc trong Tháng 4 (Ngày kết thúc: 2026-04-05)"
116157,"32246-540101144A7A3B4A1840491E7B047389",DA_KY_HOP_DONG,2025-03-05,2026-03-05,"Đã kết thúc trước hoặc trong Tháng 4 (Ngày kết thúc: 2026-03-05)"
116158,"BHTT_MBF25030800135",DA_KY_HOP_DONG,2025-03-05,2026-03-05,"Đã kết thúc trước hoặc trong Tháng 4 (Ngày kết thúc: 2026-03-05)"
116159,"BHTT_MBF25030813861",DA_KY_HOP_DONG,2025-03-05,2026-03-05,"Đã kết thúc trước hoặc trong Tháng 4 (Ngày kết thúc: 2026-03-05)"
116160,"BHTT_MBF25030802110",DA_KY_HOP_DONG,2025-03-05,2026-03-05,"Đã kết thúc trước hoặc trong Tháng 4 (Ngày kết thúc: 2026-03-05)"
116161,"BHTT_MBF25030803487",DA_KY_HOP_DONG,2025-03-05,2026-03-05,"Đã kết thúc trước hoặc trong Tháng 4 (Ngày kết thúc: 2026-03-05)"
116162,"BHTT_MBF25030803611",DA_KY_HOP_DONG,2025-03-05,2026-03-05,"Đã kết thúc trước hoặc trong Tháng 4 (Ngày kết thúc: 2026-03-05)"
116163,"BHTT_MBF25030931926",DA_KY_HOP_DONG,2025-03-05,2026-03-05,"Đã kết thúc trước hoặc trong Tháng 4 (Ngày kết thúc: 2026-03-05)"
116164,"BHTT_MBF25030931949",DA_KY_HOP_DONG,2025-03-05,2026-03-05,"Đã kết thúc trước hoặc trong Tháng 4 (Ngày kết thúc: 2026-03-05)"
116165,"BHTT_MBF25030931999",DA_KY_HOP_DONG,2025-03-05,2026-03-05,"Đã kết thúc trước hoặc trong Tháng 4 (Ngày kết thúc: 2026-03-05)"
116166,"BHTT_MBF25030931935",DA_KY_HOP_DONG,2025-03-05,2026-03-05,"Đã kết thúc trước hoặc trong Tháng 4 (Ngày kết thúc: 2026-03-05)"
116167,"BHTT_MBF25030931936",DA_KY_HOP_DONG,2025-03-05,2026-03-05,"Đã kết thúc trước hoặc trong Tháng 4 (Ngày kết thúc: 2026-03-05)"
116168,"BHTT_MBF25030931938",DA_KY_HOP_DONG,2025-03-05,2026-03-05,"Đã kết thúc trước hoặc trong Tháng 4 (Ngày kết thúc: 2026-03-05)"
116169,"BHTT_MBF25030808299",DA_KY_HOP_DONG,2025-03-05,2026-03-05,"Đã kết thúc trước hoặc trong Tháng 4 (Ngày kết thúc: 2026-03-05)"
116170,"BHTT_MBF25030813441",DA_KY_HOP_DONG,2025-03-05,2026-03-05,"Đã kết thúc trước hoặc trong Tháng 4 (Ngày kết thúc: 2026-03-05)"
116171,"BHTT_MBF25030931908",DA_KY_HOP_DONG,2025-03-05,2026-03-05,"Đã kết thúc trước hoặc trong Tháng 4 (Ngày kết thúc: 2026-03-05)"
116172,"BHTT_MBF25030931920",DA_KY_HOP_DONG,2025-03-05,2026-03-05,"Đã kết thúc trước hoặc trong Tháng 4 (Ngày kết thúc: 2026-03-05)"
116173,"BHTT_MBF25030931906",DA_KY_HOP_DONG,2025-03-05,2026-03-05,"Đã kết thúc trước hoặc trong Tháng 4 (Ngày kết thúc: 2026-03-05)"
116174,"BHTT_MBF25030931950",DA_KY_HOP_DONG,2025-03-05,2026-03-05,"Đã kết thúc trước hoặc trong Tháng 4 (Ngày kết thúc: 2026-03-05)"
116175,"BHTT_MBF25030931951",DA_KY_HOP_DONG,2025-03-05,2026-03-05,"Đã kết thúc trước hoặc trong Tháng 4 (Ngày kết thúc: 2026-03-05)"
116176,"BHTT_MBF25030931956",DA_KY_HOP_DONG,2025-03-05,2026-03-05,"Đã kết thúc trước hoặc trong Tháng 4 (Ngày kết thúc: 2026-03-05)"
116177,"BHTT_MBF25030931921",DA_KY_HOP_DONG,2025-03-05,2026-03-05,"Đã kết thúc trước hoặc trong Tháng 4 (Ngày kết thúc: 2026-03-05)"
116178,"BHTT_MBF25030804848",DA_KY_HOP_DONG,2025-03-05,2026-03-05,"Đã kết thúc trước hoặc trong Tháng 4 (Ngày kết thúc: 2026-03-05)"
116179,"BHTT_MBF25030802902",DA_KY_HOP_DONG,2025-03-05,2026-03-05,"Đã kết thúc trước hoặc trong Tháng 4 (Ngày kết thúc: 2026-03-05)"
116180,"BHTT_MBF25030802497",DA_KY_HOP_DONG,2025-03-05,2026-03-05,"Đã kết thúc trước hoặc trong Tháng 4 (Ngày kết thúc: 2026-03-05)"
116181,"BHTT_MBF25030802718",DA_KY_HOP_DONG,2025-03-05,2026-03-05,"Đã kết thúc trước hoặc trong Tháng 4 (Ngày kết thúc: 2026-03-05)"
116182,"BHTT_MBF25030800125",DA_KY_HOP_DONG,2025-03-05,2026-03-05,"Đã kết thúc trước hoặc trong Tháng 4 (Ngày kết thúc: 2026-03-05)"
116183,"BHTT_MBF25030932273",DA_KY_HOP_DONG,2025-03-05,2026-03-05,"Đã kết thúc trước hoặc trong Tháng 4 (Ngày kết thúc: 2026-03-05)"
116184,"BHTT_MBF25030803297",DA_KY_HOP_DONG,2025-03-05,2026-03-05,"Đã kết thúc trước hoặc trong Tháng 4 (Ngày kết thúc: 2026-03-05)"
116185,"BHTT_MBF25030925940",DA_KY_HOP_DONG,2025-03-05,2026-03-05,"Đã kết thúc trước hoặc trong Tháng 4 (Ngày kết thúc: 2026-03-05)"
116186,"BHTT_MBF25030803925",DA_KY_HOP_DONG,2025-03-05,2026-03-05,"Đã kết thúc trước hoặc trong Tháng 4 (Ngày kết thúc: 2026-03-05)"
116187,"BHTT_MBF25022806904",DA_KY_HOP_DONG,2025-02-05,2026-02-05,"Đã kết thúc trước hoặc trong Tháng 4 (Ngày kết thúc: 2026-02-05)"
116189,"32240-540101145BECF238380CD34B517C6A64",DA_KY_HOP_DONG,2025-02-05,2026-02-05,"Đã kết thúc trước hoặc trong Tháng 4 (Ngày kết thúc: 2026-02-05)"
116190,"BHTT_MBF25030932331",DA_KY_HOP_DONG,2025-02-05,2026-02-05,"Đã kết thúc trước hoặc trong Tháng 4 (Ngày kết thúc: 2026-02-05)"
116191,"BHTT_MBF25030804644",DA_KY_HOP_DONG,2025-02-05,2026-02-05,"Đã kết thúc trước hoặc trong Tháng 4 (Ngày kết thúc: 2026-02-05)"
116192,"BHTT_MBF25030931913",DA_KY_HOP_DONG,2025-02-05,2026-02-05,"Đã kết thúc trước hoặc trong Tháng 4 (Ngày kết thúc: 2026-02-05)"
116193,"BHTT_MBF25030931930",DA_KY_HOP_DONG,2025-02-05,2026-02-05,"Đã kết thúc trước hoặc trong Tháng 4 (Ngày kết thúc: 2026-02-05)"
116194,"BHTT_MBF25030931914",DA_KY_HOP_DONG,2025-02-05,2026-02-05,"Đã kết thúc trước hoặc trong Tháng 4 (Ngày kết thúc: 2026-02-05)"
116195,"BHTT_MBF25030806158",DA_KY_HOP_DONG,2025-02-05,2026-02-05,"Đã kết thúc trước hoặc trong Tháng 4 (Ngày kết thúc: 2026-02-05)"
116196,"BHTT_MBF25030812636",DA_KY_HOP_DONG,2025-02-05,2026-02-05,"Đã kết thúc trước hoặc trong Tháng 4 (Ngày kết thúc: 2026-02-05)"
116197,"BHTT_MBF25030931915",DA_KY_HOP_DONG,2025-02-05,2026-02-05,"Đã kết thúc trước hoặc trong Tháng 4 (Ngày kết thúc: 2026-02-05)"
116198,"BHTT_MBF25030803846",DA_KY_HOP_DONG,2025-02-05,2026-02-05,"Đã kết thúc trước hoặc trong Tháng 4 (Ngày kết thúc: 2026-02-05)"
116199,"BHTT_MBF25030802094",DA_KY_HOP_DONG,2025-02-05,2026-02-05,"Đã kết thúc trước hoặc trong Tháng 4 (Ngày kết thúc: 2026-02-05)"
116200,"BHTT_MBF25030802203",DA_KY_HOP_DONG,2025-02-05,2026-02-05,"Đã kết thúc trước hoặc trong Tháng 4 (Ngày kết thúc: 2026-02-05)"
116201,"BHTT_MBF25030802404",DA_KY_HOP_DONG,2025-02-05,2026-02-05,"Đã kết thúc trước hoặc trong Tháng 4 (Ngày kết thúc: 2026-02-05)"
116202,"BHTT_MBF25030802480",DA_KY_HOP_DONG,2025-02-05,2026-02-05,"Đã kết thúc trước hoặc trong Tháng 4 (Ngày kết thúc: 2026-02-05)"
116203,"BHTT_MBF25030804947",DA_KY_HOP_DONG,2025-02-05,2026-02-05,"Đã kết thúc trước hoặc trong Tháng 4 (Ngày kết thúc: 2026-02-05)"
116204,"BHTT_MBF25030802447",DA_KY_HOP_DONG,2025-02-05,2026-02-05,"Đã kết thúc trước hoặc trong Tháng 4 (Ngày kết thúc: 2026-02-05)"
116205,"BHTT_MBF25030803519",DA_KY_HOP_DONG,2025-02-05,2026-02-05,"Đã kết thúc trước hoặc trong Tháng 4 (Ngày kết thúc: 2026-02-05)"
116206,"BHTT_MBF25030803788",DA_KY_HOP_DONG,2025-02-05,2026-02-05,"Đã kết thúc trước hoặc trong Tháng 4 (Ngày kết thúc: 2026-02-05)"
116207,"BHTT_MBF25030802339",DA_KY_HOP_DONG,2025-02-05,2026-02-05,"Đã kết thúc trước hoặc trong Tháng 4 (Ngày kết thúc: 2026-02-05)"
116208,"BHTT_MBF25030804922",DA_KY_HOP_DONG,2025-02-05,2026-02-05,"Đã kết thúc trước hoặc trong Tháng 4 (Ngày kết thúc: 2026-02-05)"
116209,"BHTT_MBF25030804794",DA_KY_HOP_DONG,2025-02-05,2026-02-05,"Đã kết thúc trước hoặc trong Tháng 4 (Ngày kết thúc: 2026-02-05)"
116210,"BHTT_MBF25030803906",DA_KY_HOP_DONG,2025-02-05,2026-02-05,"Đã kết thúc trước hoặc trong Tháng 4 (Ngày kết thúc: 2026-02-05)"
116211,"BHTT_MBF25030803682",DA_KY_HOP_DONG,2025-02-05,2026-02-05,"Đã kết thúc trước hoặc trong Tháng 4 (Ngày kết thúc: 2026-02-05)"
116212,"BHTT_MBF25030803572",DA_KY_HOP_DONG,2025-02-05,2026-02-05,"Đã kết thúc trước hoặc trong Tháng 4 (Ngày kết thúc: 2026-02-05)"
116213,"BHTT_MBF25030803987",DA_KY_HOP_DONG,2025-02-05,2026-02-05,"Đã kết thúc trước hoặc trong Tháng 4 (Ngày kết thúc: 2026-02-05)"
116214,"BHTT_MBF25030802435",DA_KY_HOP_DONG,2025-02-05,2026-02-05,"Đã kết thúc trước hoặc trong Tháng 4 (Ngày kết thúc: 2026-02-05)"
116215,"BHTT_MBF25020801596",DA_KY_HOP_DONG,2025-02-05,2026-02-05,"Đã kết thúc trước hoặc trong Tháng 4 (Ngày kết thúc: 2026-02-05)"
116216,"BHTT_MBF25030932330",DA_KY_HOP_DONG,2025-02-05,2026-02-05,"Đã kết thúc trước hoặc trong Tháng 4 (Ngày kết thúc: 2026-02-05)"
116217,"BHTT_MBF25030808662",DA_KY_HOP_DONG,2025-02-05,2026-02-05,"Đã kết thúc trước hoặc trong Tháng 4 (Ngày kết thúc: 2026-02-05)"
116218,"BHTT_MBF25030808696",DA_KY_HOP_DONG,2025-02-05,2026-02-05,"Đã kết thúc trước hoặc trong Tháng 4 (Ngày kết thúc: 2026-02-05)"
116219,"BHTT_MBF25030808509",DA_KY_HOP_DONG,2025-02-05,2026-02-05,"Đã kết thúc trước hoặc trong Tháng 4 (Ngày kết thúc: 2026-02-05)"
116220,"BHTT_MBF25030931933",DA_KY_HOP_DONG,2025-01-05,2026-01-05,"Đã kết thúc trước hoặc trong Tháng 4 (Ngày kết thúc: 2026-01-05)"
116221,"BHTT_MBF25030803539",DA_KY_HOP_DONG,2025-01-05,2026-01-05,"Đã kết thúc trước hoặc trong Tháng 4 (Ngày kết thúc: 2026-01-05)"
116222,"BHTT_MBF25030802252",DA_KY_HOP_DONG,2025-01-05,2026-01-05,"Đã kết thúc trước hoặc trong Tháng 4 (Ngày kết thúc: 2026-01-05)"
116223,"BHTT_MBF25030812612",DA_KY_HOP_DONG,2025-01-05,2026-01-05,"Đã kết thúc trước hoặc trong Tháng 4 (Ngày kết thúc: 2026-01-05)"
116702,"BHTT_MBF25030814136",DA_KY_HOP_DONG,2025-04-04,2026-04-04,"Đã kết thúc trước hoặc trong Tháng 4 (Ngày kết thúc: 2026-04-04)"
116703,"BHTT_MBF25022806656",DA_KY_HOP_DONG,2025-02-04,2026-02-04,"Đã kết thúc trước hoặc trong Tháng 4 (Ngày kết thúc: 2026-02-04)"
116970,"01/2025/HĐ-MOBIFONECLOUD/MBF.ĐN-GTVT",DA_KY_HOP_DONG,2025-02-11,2026-02-11,"Đã kết thúc trước hoặc trong Tháng 4 (Ngày kết thúc: 2026-02-11)"
116971,"01/2025/HĐ-MOBIFONECLOUD/MBF.ĐN-GTVT",DA_KY_HOP_DONG,2025-02-11,2026-02-11,"Đã kết thúc trước hoặc trong Tháng 4 (Ngày kết thúc: 2026-02-11)"
116972,"01/2025/HĐ-MOBIFONECLOUD/MBF.ĐN-GTVT",DA_KY_HOP_DONG,2025-02-11,2026-02-11,"Đã kết thúc trước hoặc trong Tháng 4 (Ngày kết thúc: 2026-02-11)"
116974,"01/2026/HĐ-MBH/NHATMINH/MBF-DANANG",DA_KY_HOP_DONG,2026-07-03,2026-07-03,"Bát đầu sau Tháng 4 (Ngày: 2026-07-03)"
116975,"0704/2026/HĐMBH/ BONNAM/MBFDANANG",DA_KY_HOP_DONG,2026-07-03,2026-07-03,"Bát đầu sau Tháng 4 (Ngày: 2026-07-03)"
116976,"17/2026/HĐ-MBH/ CUONGTHANH /MBF-DANANG",DA_KY_HOP_DONG,2026-03-03,2026-03-03,"Đã kết thúc trước hoặc trong Tháng 4 (Ngày kết thúc: 2026-03-03)"
116977,"19/2026/HĐ-MBH/ TUYETLINH /MBF-DANANG",DA_KY_HOP_DONG,2026-09-03,2026-09-03,"Bát đầu sau Tháng 4 (Ngày: 2026-09-03)"